No,名称,,☆,タイプ,属,HP,,攻撃,,回復,,Cost,スキル,Lスキル,最大Lv,總和,卵換算,覚醒スキル,,,,
1,ティラ,提拉,2,ドラゴン,火,52,144,57,71,8,13,2,ヒートブレス,火の力,5(150),228,32.93,,,,,
2,ティラン,提拉恩,3,ドラゴン,火,115,490,64,231,12,50,4,ヒートブレス,火の力,15(150),771,111.87,,,,,
3,ティラノス,提拉諾斯,4,ドラゴン,火,392,971,208,508,45,111,6,マグマブレス,火の力,35(150),1590,235.7,,,,,
4,爆炎龍ティラノス,爆炎龍提拉諾斯,5,ドラゴン,火,777,2145,457,1114,100,231,10,マグマブレス,爆炎の力,99(150),3490,514.3,,,,,
5,プレシィ,普萊西,2,ドラゴン,水,62,155,42,62,11,18,2,コールドブレス,水の力,5(150),235,33.9,,,,,
6,プレシィール,普萊西魯,3,ドラゴン,水,124,518,56,210,16,60,4,コールドブレス,水の力,15(150),788,113.8,,,,,
7,プレシオス,普萊修斯,4,ドラゴン,水,414,998,189,477,54,128,6,ブリザードブレス,水の力,35(150),1603,237.87,,,,,
8,氷塊龍プレシオス,冰塊龍普萊修斯,5,ドラゴン,水,798,2195,429,1056,115,264,10,ブリザードブレス,激流の力,99(150),3515,518.7,,,,,
9,ブラッキィ,布拉奇,2,ドラゴン,木,67,168,32,59,13,22,2,ウィンドブレス,木の力,5(150),249,35.93,,,,,
10,ブラッキオ,布拉奇歐,3,ドラゴン,木,134,555,53,208,20,75,4,ウィンドブレス,木の力,15(150),838,122.1,,,,,
11,ブラキオス,布拉秋斯,4,ドラゴン,木,444,1015,187,464,68,140,6,ガイアブレス,木の力,35(150),1619,240.97,,,,,
12,大花龍ブラキオス,大花龍布拉秋斯,5,ドラゴン,木,812,2228,418,1031,126,286,10,ガイアブレス,大地の力,99(150),3545,524.33,,,,,
13,プテーラ,普提拉,2,ドラゴン,光,47,138,52,65,9,15,2,フラッシュブレス,光の力,5(150),218,31.8,,,,,
14,プテラス,普提拉斯,3,ドラゴン,光,110,460,59,221,14,55,4,フラッシュブレス,光の力,15(150),736,108.53,,,,,
15,プテラドス,普提拉多斯,4,ドラゴン,光,368,928,199,486,50,117,6,ホーリーブレス,光の力,35(150),1531,229,,,,,
16,太陽龍プテラドス,太陽龍普提拉多斯,5,ドラゴン,光,742,2063,437,1073,105,253,10,ホーリーブレス,閃光の力,99(150),3389,505.23,,,,,
17,スピノン,斯皮諾,2,ドラゴン,闇,42,129,62,78,7,12,2,ダークブレス,闇の力,5(150),219,32.5,,,,,
18,スピナス,斯皮納斯,3,ドラゴン,闇,103,447,70,236,11,45,4,ダークブレス,闇の力,15(150),728,106.9,,,,,
19,デスピナス,德斯皮納斯,4,ドラゴン,闇,358,954,212,499,41,105,6,ヘルブレス,闇の力,35(150),1558,230.2,,,,,
20,月光龍デスピナス,月光龍德斯皮納斯,5,ドラゴン,闇,763,2112,449,1097,95,220,10,ヘルブレス,暗黒の力,99(150),3429,503.93,,,,,
21,レッドコドラ,紅色幼龍,2,ドラゴン,火,32,240,40,150,9,45,2,ヒートボール,なし,15(150),435,69,,,,,
22,レッドドラゴン,赤紅龍,3,ドラゴン,火,192,545,135,300,41,92,5,ヒートボール,火の守り,25(150),937,145.17,,,,,
23,ボルケーノドラゴン,火山龍,4,ドラゴン,火,436,1412,270,1056,83,93,11,ファイアボール,火の守り,70(150),2561,383.4,,,,,
24,ブルーコドラ,藍色幼龍,2,ドラゴン,水,42,315,32,120,9,45,2,コールドボール,なし,15(150),480,70.5,,,,,
25,ブルードラゴン,蒼藍龍,3,ドラゴン,水,252,625,108,272,41,92,5,コールドボール,水の守り,25(150),989,147.57,,,,,
26,オーロラドラゴン,極光龍,4,ドラゴン,水,500,1528,245,1003,83,101,11,アイスボール,水の守り,70(150),2632,387.07,,,,,
27,グリーンコドラ,綠色幼龍,2,ドラゴン,木,40,300,37,139,10,50,2,ウィンドボール,なし,15(150),489,74.47,,,,,
28,グリーンドラゴン,碧綠龍,3,ドラゴン,木,240,600,125,291,45,100,5,ウィンドボール,木の守り,25(150),991,151.53,,,,,
29,アースドラゴン,大地龍,4,ドラゴン,木,480,1505,262,1015,90,109,11,アースボール,木の守り,70(150),2629,389.83,,,,,
30,ホワイトコドラ,白色幼龍,2,ドラゴン,光,34,255,34,128,11,55,2,フラッシュボール,なし,15(150),438,69.43,,,,,
31,ホワイトドラゴン,純白龍,3,ドラゴン,光,204,556,115,283,50,108,5,フラッシュボール,光の守り,25(150),947,148.2,,,,,
32,ホーリードラゴン,神聖龍,4,ドラゴン,光,445,1447,255,1027,97,117,11,サンダーボール,光の守り,70(150),2591,389.1,,,,,
33,ブラックコドラ,黑色幼龍,2,ドラゴン,闇,37,278,42,158,9,45,2,ダークボール,なし,15(150),481,74.4,,,,,
34,ブラックドラゴン,漆黑龍,3,ドラゴン,闇,222,563,142,313,41,92,5,ダークボール,闇の守り,25(150),968,149.57,,,,,
35,デビルドラゴン,惡魔龍,4,ドラゴン,闇,450,1470,282,1044,83,86,11,カオスボール,闇の守り,70(150),2600,384.47,,,,,
36,ホノりん,炎之波利,1,バランス,火,39,195,42,105,9,30,1,なし,なし,10(100),330,50.5,,,,,
37,デカホノりん,大炎之波利,2,バランス,火,156,480,95,323,27,50,3,攻撃態勢・火,なし,30(100),853,129.27,,,,,
38,アワりん,泡沫波利,1,バランス,水,43,215,37,93,9,30,1,なし,なし,10(100),338,50.1,,,,,
39,デカアワりん,大泡沫波利,2,バランス,水,172,518,84,296,27,55,3,防御態勢・水,なし,30(100),869,129.33,,,,,
40,モリりん,森之波利,1,バランス,木,41,205,36,90,11,37,1,なし,なし,10(100),332,50.83,,,,,
41,デカモリりん,大森之波利,2,バランス,木,168,503,81,311,33,65,3,ドロップリフレッシュ,なし,30(100),879,134.17,,,,,
42,ヒカりん,閃光波利,1,バランス,光,39,195,39,98,10,33,1,なし,なし,10(100),326,50.1,,,,,
43,デカヒカりん,大閃光波利,2,バランス,光,156,488,88,304,30,60,3,防御態勢・光,なし,30(100),852,129.6,,,,,
44,ワルりん,惡之波利,1,バランス,闇,41,205,43,108,8,27,1,なし,なし,10(100),340,51.1,,,,,
45,デカワルりん,大惡之波利,2,バランス,闇,164,503,97,319,24,45,3,攻撃態勢・闇,なし,30(100),867,129.1,,,,,
46,レッドカーバンクル,紅色寶石獸,1,回復,火,36,180,24,60,25,83,2,癒しの光,なし,10(100),323,57.67,,,,,
47,ルビーカーバンクル,紅寶石寶石獸,2,回復,火,144,315,54,139,75,175,5,回復の光,なし,30(100),629,117.63,,,,,
48,ブルーカーバンクル,藍色寶石獸,1,回復,水,36,182,22,55,27,85,2,癒しの光,なし,10(100),322,57.53,,,,,
49,サファイアカーバンクル,藍寶石寶石獸,2,回復,水,146,308,50,135,77,185,5,回復の光,なし,30(100),628,119.47,,,,,
50,グリーンカーバンクル,綠色寶石獸,1,回復,木,35,175,22,55,26,87,2,癒しの光,なし,10(100),317,57.5,,,,,
51,エメラルドカーバンクル,綠寶石寶石獸,2,回復,木,140,308,50,135,78,180,5,回復の光,なし,30(100),623,117.8,,,,,
52,イエローカーバンクル,黃色寶石獸,1,回復,光,34,170,21,53,27,90,2,癒しの光,なし,10(100),313,57.6,,,,,
53,トパーズカーバンクル,黃玉寶石獸,2,回復,光,136,300,48,131,81,190,5,回復の光,なし,30(100),621,119.53,,,,,
54,パープルカーバンクル,紫色寶石獸,1,回復,闇,35,173,25,63,24,80,2,癒しの光,なし,10(100),316,56.57,,,,,
55,アメジストカーバンクル,紫晶寶石獸,2,回復,闇,138,293,57,146,72,170,5,回復の光,なし,30(100),609,115.17,,,,,
56,レッドゴブリン,紅色哥布林,1,攻撃,火,62,310,62,155,5,17,2,なし,なし,10(150),482,67.67,,,,,
57,武者ゴブリン,武者哥布林,2,攻撃,火,248,600,140,525,15,35,5,攻撃態勢・火,なし,30(150),1160,176.67,,,,,
58,ブルーゴブリン,藍色哥布林,1,攻撃,水,67,335,57,143,4,13,2,なし,なし,10(150),491,66.43,,,,,
59,マリンゴブリン,海洋哥布林,2,攻撃,水,268,638,129,518,12,30,5,防御態勢・水,なし,30(150),1186,177.4,,,,,
60,ゴブリン ,哥布林,1,攻撃,木,65,325,59,148,3,10,2,なし,なし,10(150),483,65.43,,,,,
61,ホブゴブリン,淘氣哥布林,2,攻撃,木,260,623,133,506,9,25,5,ドロップリフレッシュ,なし,30(150),1154,171.83,,,,,
62,レッドオーガ,紅色食人魔,2,体力,火,84,630,84,315,1,5,4,なし,根性,15(150),950,127.67,,,,,
63,サムライオーガ,武士食人魔,3,体力,火,504,1775,284,888,5,8,7,なし,根性,50(150),2671,357.77,,,,,
64,ブルーオーガ,藍色食人魔,2,体力,水,83,623,82,308,1,5,4,なし,根性,15(150),936,125.57,,,,,
65,アイスオーガ,冰之食人魔,3,体力,水,498,1900,277,875,5,8,7,なし,根性,50(150),2783,367.67,,,,,
66,オーガ,食人魔,2,体力,木,82,615,79,296,1,5,4,なし,根性,15(150),916,122.37,,,,,
67,アーマーオーガ,裝甲食人魔,3,体力,木,492,1838,266,856,5,8,7,なし,根性,50(150),2702,357.67,,,,,
68,フレイムファイター,火焰戰士,2,バランス,火,44,330,48,180,8,40,3,ガードブレイク,なし,15(100),550,82.33,,,,,
69,フレイムナイト,火焰騎士,3,バランス,火,264,838,162,444,36,100,6,ガードブレイク,なし,50(100),1382,205.93,,,,,
70,アクアファイター,流水戰士,2,バランス,水,48,360,44,165,9,45,3,ガードブレイク,なし,15(100),570,84,,,,,
71,アクアナイト,流水騎士,3,バランス,水,288,888,149,400,41,117,6,ガードブレイク,なし,50(100),1405,207.8,,,,,
72,アースファイター,大地戰士,2,バランス,木,46,345,47,176,9,45,3,ガードブレイク,なし,15(100),566,84.7,,,,,
73,アースナイト,大地騎士,3,バランス,木,276,863,158,413,41,108,6,ガードブレイク,なし,50(100),1384,204.9,,,,,
74,ホワイトファイター,白戰士,2,バランス,光,46,345,45,169,10,50,3,ガードブレイク,なし,15(100),564,84.97,,,,,
75,ホワイトナイト,白騎士,3,バランス,光,276,813,152,406,45,117,6,ガードブレイク,なし,50(100),1336,201.5,,,,,
76,ブラックファイター,黑戰士,2,バランス,闇,45,338,46,173,8,40,3,ガードブレイク,なし,15(100),551,81.73,,,,,
77,ブラックナイト,黑騎士,3,バランス,闇,270,875,156,419,36,100,6,ガードブレイク,なし,50(100),1394,204.63,,,,,
78,フレイムゴーレム,火焰魔像,3,体力,火,131,819,101,316,8,33,6,防御の構え,守りの心得,25(150),1168,156.1,,,,,
79,フレイムガーディアン,火焰守護者,4,体力,火,655,2555,284,782,30,54,9,防御の構え,守りの心得,70(150),3391,429.9,,,,,
80,アイスゴーレム,冰之魔像,3,体力,水,132,825,96,300,9,38,6,防御の構え,守りの心得,25(150),1163,155.17,,,,,
81,アイスガーディアン,冰之守護者,4,体力,水,660,2672,270,723,34,54,9,防御の構え,守りの心得,70(150),3449,429.8,,,,,
82,アースゴーレム,大地魔像,3,体力,木,133,831,99,309,9,38,6,防御の構え,守りの心得,25(150),1178,157.57,,,,,
83,アースガーディアン,大地守護者,4,体力,木,665,2613,278,753,34,54,9,防御の構え,守りの心得,70(150),3420,429.9,,,,,
84,マシンゴーレム,機械魔像,3,体力,光,111,694,111,347,7,29,6,アーマーブレイク,守りの心得,25(150),1070,148.47,,,,,
85,マシンゴーレムMk-II,機械魔像Mk-II,4,体力,光,555,2030,312,928,26,70,9,アーマーブレイク,守りの心得,70(150),3028,411.93,,,,,
86,ダークゴーレム,黑暗魔像,3,体力,闇,106,663,116,363,7,29,6,アーマーブレイク,守りの心得,25(150),1055,148.57,,,,,
87,ダークゴーレムMk-II,黑暗魔像Mk-II,4,体力,闇,530,1972,327,957,26,70,9,アーマーブレイク,守りの心得,70(150),2999,411.93,,,,,
88,ナーガ,納迦,3,回復,火,21,263,39,244,31,258,5,威嚇,業火,25(100),765,161.1,,,,,
89,エキドナ,俄克德娜,4,回復,火,210,840,220,502,232,451,8,威嚇,業火,70(100),1793,334.73,,,,,
90,マーメイド,美人魚,3,回復,水,25,313,32,200,33,275,5,防御態勢・水,癒しの唄,25(100),788,162.97,,,,,
91,セイレーン,塞壬,4,回復,水,250,863,180,484,248,513,8,防御態勢・水,癒しの唄,70(100),1860,354.1,,,,,
92,ドリヤード,樹精,3,回復,木,22,275,35,219,32,267,5,キュアー,癒しの祈り,25(100),761,160.3,,,,,
93,アルラウネ,愛娜溫,4,回復,木,220,805,197,490,240,498,8,キュアー,癒しの祈り,70(100),1793,344.5,,,,,
94,キューピッド,丘比特,3,回復,光,22,275,28,175,34,283,5,ヒール,癒しの唄,25(100),733,156.83,,,,,
95,エンジェル,安琪兒,4,回復,光,220,817,158,461,255,529,8,ヒール,癒しの唄,70(100),1807,350.23,,,,,
96,サキュバス,魅魔,3,回復,闇,23,288,42,263,30,250,5,毒の霧,クイック,25(100),801,164.73,,,,,
97,リリス,莉莉絲,4,回復,闇,230,840,237,525,225,443,8,毒の霧,クイック,70(100),1808,336.67,,,,,
98,炎の魔剣士,炎之魔劍士,3,バランス,火,52,650,62,388,15,125,6,ドロップ変化・火,火の守り,25(150),1163,184.27,,,,,
99,フェニックスナイト,鳳凰騎士,4,バランス,火,520,1330,349,869,113,288,9,ドロップ変化・火,火の守り,70(150),2487,402.8,,,,,
100,氷の魔剣士,冰之魔劍士,3,バランス,水,51,638,66,413,12,100,6,ドロップ変化・水,水の守り,25(150),1151,179.73,,,,,
101,フェンリルナイト,芬里爾騎士,4,バランス,水,510,1213,372,928,90,241,9,ドロップ変化・水,水の守り,70(150),2382,387.23,,,,,
102,岩の魔剣士,岩之魔劍士,3,バランス,木,56,700,64,400,13,108,6,ドロップ変化・木,木の守り,25(150),1208,186,,,,,
103,ドラゴンナイト,龍騎士,4,バランス,木,560,1272,360,898,97,249,9,ドロップ変化・木,木の守り,70(150),2419,389.8,,,,,
104,光の魔剣士,光之魔劍士,3,バランス,光,54,675,61,381,14,117,6,ドロップ変化・光,光の守り,25(150),1173,182.7,,,,,
105,ヴァーチェ,德天使,4,バランス,光,540,1237,343,887,105,280,9,ドロップ変化・光,光の守り,70(150),2404,394.43,,,,,
106,タイタン,泰坦,3,体力,火,77,963,92,575,1,8,7,攻撃態勢・火,根性,25(150),1546,213.97,,,,,
107,ギガンテス,癸干忒斯,4,体力,火,770,3150,518,1163,7,0,10,攻撃態勢・火,根性,70(400),4313,547.6,,,,,
108,闇の魔剣士,暗之魔劍士,3,バランス,闇,55,688,65,406,12,100,6,ドロップ変化・闇,闇の守り,25(150),1194,183.33,,,,,
109,ダークドラゴンナイト,黑龍騎士,4,バランス,闇,550,1307,365,916,90,233,9,ドロップ変化・闇,闇の守り,70(150),2456,391.57,,,,,
110,ヴァンパイア,吸血鬼,3,バランス,闇,61,763,61,381,15,125,6,攻撃態勢・闇,なし,25(150),1269,194.17,,,,,
111,ヴァンパイアロード,吸血鬼領主,4,バランス,闇,610,1725,343,999,113,319,10,攻撃態勢・闇,暗黒の力,70(400),3043,478.63,,,,,
112,サラマンダー,沙羅曼蛇,4,ドラゴン,火,114,998,107,468,20,117,7,ファイアブレス,火の力,35(150),1583,232.4,,,,,
113,イフリート,伊夫利特,5,ドラゴン,火,798,2327,421,1238,105,220,13,マグマブレス,爆炎の力,99(400),3785,553.63,,,,,
114,シーサーペント,海蛇,4,ドラゴン,水,123,1076,101,462,20,117,7,アイスブレス,水の力,35(150),1655,239,,,,,
115,リヴァイアサン,利維坦,5,ドラゴン,水,861,2409,416,1205,105,231,13,ブリザードブレス,激流の力,99(400),3845,558.9,,,,,
116,ドラゴネット,穴龍,4,ドラゴン,木,111,971,119,501,18,105,7,アースブレス,木の力,35(150),1577,232.3,,,,,
117,ファフニール,法夫納,5,ドラゴン,木,777,2360,451,1262,95,231,13,ガイアブレス,大地の力,99(400),3843,565.4,,,,,
118,白龍,白龍,4,ドラゴン,光,108,945,108,473,23,134,7,サンダーブレス,光の力,35(150),1552,233.77,,,,,
119,神龍,神龍,5,ドラゴン/神,光,756,2277,426,1213,121,275,13,ホーリーブレス,閃光の力,99(400),3765,561.97,,,,,
120,バジリスク,翼蜥,4,ドラゴン,闇,116,1015,116,508,14,82,7,カオスブレス,闇の力,35(150),1605,230.43,,,,,
121,ティアマット,迪亞馬特,5,ドラゴン,闇,812,2310,457,1254,74,198,13,ヘルブレス,暗黒の力,99(400),3762,547.8,,,,,
122,ミネルヴァ,米涅瓦,5,神,火,326,1575,244,900,53,192,15,エナジーボム,炎の防壁,50(400),2667,401.5,,,,,
123,戦女神・ミネルヴァ,戰女神·米涅瓦,6,神,火,1260,2869,810,1359,173,418,20,クイックボム,炎の防壁,99(400),4646,698.03,,,,,
124,ネプチューン,尼普頓,5,神,水,328,1600,243,894,52,183,15,猛毒の霧,氷の防壁,50(400),2677,399.8,,,,,
125,海王神・ネプチューン,海王神·尼普頓,6,神,水,1280,2902,805,1351,165,407,20,ヒュドラの毒,氷の防壁,99(400),4660,696.07,,,,,
126,セレス,瑟雷斯,5,神,木,311,1388,220,750,68,317,15,完治の光,大樹の防壁,50(400),2455,394.47,,,,,
127,豊穣神・セレス,豐收神·瑟雷斯,6,神,木,1110,2374,675,1061,285,681,20,完治の光,大樹の防壁,99(400),4116,676.6,,,,,
128,ヴィーナス,維納斯,5,神,光,305,1313,223,769,71,342,15,ワールド,光の防壁,50(400),2424,399.1,,,,,
129,慈愛神・ヴィーナス,慈愛神·維納斯,6,神,光,1050,2275,692,1086,308,625,20,チェンジ・ザ・ワールド,光の防壁,99(400),3986,653.03,,,,,
130,ハーデス,哈帝斯,5,神,闇,314,1425,238,863,51,175,15,グラビティ,闇の防壁,50(400),2463,373.43,,,,,
131,冥界神・ハーデス,冥界神·哈帝斯,6,神,闇,1140,2671,777,1410,158,396,20,ギガグラビティ,闇の防壁,99(400),4477,681.1,,,,,
132,カグツチ,迦具土,5,神,火,354,1538,246,825,60,217,15,エナジーボム,煉獄,50(400),2580,391.13,,,,,
133,ヒノカグツチ,火之迦具土,6,神,火,1230,2820,743,1360,195,451,20,バーストボム,神の業火,99(400),4631,704.33,,,,,
134,オロチ,大蛇,5,神,水,423,1650,241,881,50,167,15,威圧,ド根性,50(400),2698,396.87,,,,,
135,ヤマタノオロチ,八歧大蛇,6,神,水,1320,2690,793,1150,150,222,20,威圧,ド根性,99(400),4062,573,,,,,
136,スサノオ,須佐之男,5,神,木,320,1500,235,844,47,142,15,鉄壁の構え,鉄壁の心得,50(400),2486,366.13,,,,,
137,スサノオノミコト,須佐之男命,6,神,木,1200,2770,760,1186,128,298,20,鉄壁の構え,鉄壁の心得,99(400),4254,613.53,,,,,
138,アマテラス,天照,5,神,光,317,1463,226,788,64,283,15,完治の光,癒しの唄,50(400),2534,398.23,,,,,
139,アマテラスオオカミ,天照大御神,6,神,光,1170,2311,709,1111,255,652,20,完治の光,神の奇跡,99(400),4074,670.63,,,,,
140,ヨミ,黃泉,5,神,闇,324,1350,238,806,55,192,15,チェンジ・ザ・ワールド,クイックブースト,50(400),2348,360.2,,,,,
141,ツクヨミ,月讀,6,神,闇,1080,2772,725,1336,173,495,20,チェンジ・ザ・ワールド,神の一手,99(400),4603,709.4,,,,,
142,炎龍・ムスプルヘイム,炎龍·穆斯貝爾海姆,6,ドラゴン,火,495,3018,330,1408,52,142,25,マグマブレス,炎の防壁,99(400),4568,630.73,,,,,
143,氷龍・ニブルヘイム,冰龍·尼福爾海姆,6,ドラゴン,水,510,3165,322,1332,53,153,25,ブリザードブレス,氷の防壁,99(400),4650,633.9,,,,,
144,島龍・ユグドラシル,島龍·尤克特拉希爾,6,ドラゴン,木,518,3197,319,1307,55,175,25,ガイアブレス,大樹の防壁,99(400),4679,639.43,,,,,
145,機龍・ヴァルハラ,機龍·瓦爾哈拉,6,ドラゴン,光,503,3050,325,1356,54,164,25,ホーリーブレス,光の防壁,99(400),4570,630.87,,,,,
146,邪龍・ヘルヘイム,邪龍·赫爾海姆,6,ドラゴン,闇,488,3002,333,1322,51,131,25,ヘルブレス,闇の防壁,99(400),4455,608.27,,,,,
147,炎の番人,炎之守門人,4,進化用,火,1031,1031,331,331,83,83,11,防御の構え,守りの心得,1,1445,196.97,,,,,
148,水の番人,水之守門人,4,進化用,水,1056,1056,332,332,83,83,11,防御の構え,守りの心得,1,1471,199.67,,,,,
149,森の番人,森之守門人,4,進化用,木,1081,1081,326,326,83,83,11,防御の構え,守りの心得,1,1500,200.97,,,,,
150,光の番人,光之守門人,4,進化用,光,1106,1106,311,311,83,83,11,防御の構え,守りの心得,1,1500,200.47,,,,,
151,闇の番人,暗之守門人,4,進化用,闇,1131,1131,316,316,83,83,11,防御の構え,守りの心得,1,1530,203.97,,,,,
152,ドラゴンシード,龍種,2,進化用,木,10,10,10,10,10,10,1,なし,なし,1,30,6.33,,,,,
153,ドラゴンプラント,龍葵,3,進化用,木,50,50,50,50,50,50,1,なし,なし,1,150,31.67,,,,,
154,ドラゴンフラワー,龍花,4,進化用,木,100,100,100,100,100,100,1,なし,なし,1,300,63.33,,,,,
155,ルビリット,紅寶精靈,2,進化用,火,10,10,5,5,80,80,1,なし,なし,1,95,28.67,,,,,
156,サファリット,藍寶精靈,2,進化用,水,10,10,5,5,80,80,1,なし,なし,1,95,28.67,,,,,
157,エメリット,綠寶精靈,2,進化用,木,10,10,5,5,80,80,1,なし,なし,1,95,28.67,,,,,
158,トパリット,黃玉精靈,2,進化用,光,10,10,5,5,80,80,1,なし,なし,1,95,28.67,,,,,
159,アメリット,紫晶精靈,2,進化用,闇,10,10,5,5,80,80,1,なし,なし,1,95,28.67,,,,,
160,ミスリット,秘銀精靈,5,進化用,闇,80,80,40,40,200,200,1,なし,なし,1,320,82.67,,,,,
161,進化の赤仮面,進化的紅面具,1,進化用,火,10,10,50,50,1,1,1,なし,なし,1,61,11.33,,,,,
162,進化の青仮面,進化的藍面具,1,進化用,水,10,10,50,50,1,1,1,なし,なし,1,61,11.33,,,,,
163,進化の緑仮面,進化的綠面具,1,進化用,木,10,10,50,50,1,1,1,なし,なし,1,61,11.33,,,,,
164,進化の黄仮面,進化的黃面具,1,進化用,光,10,10,50,50,1,1,1,なし,なし,1,61,11.33,,,,,
165,進化の紫仮面,進化的紫面具,1,進化用,闇,10,10,50,50,1,1,1,なし,なし,1,61,11.33,,,,,
166,朱色の鬼神面,硃色的鬼神面,3,進化用,火,20,20,100,100,1,1,1,なし,なし,1,121,22.33,,,,,
167,蒼色の鬼神面,蒼色的鬼神面,3,進化用,水,20,20,100,100,1,1,1,なし,なし,1,121,22.33,,,,,
168,碧色の鬼神面,碧色的鬼神面,3,進化用,木,20,20,100,100,1,1,1,なし,なし,1,121,22.33,,,,,
169,黄金の鬼神面,黃金的鬼神面,3,進化用,光,20,20,100,100,1,1,1,なし,なし,1,121,22.33,,,,,
170,紫色の鬼神面,紫色的鬼神面,3,進化用,闇,20,20,100,100,1,1,1,なし,なし,1,121,22.33,,,,,
171,神化の紅面,神化的紅面具,5,進化用,火,40,40,200,200,1,1,1,なし,なし,1,241,44.33,,,,,
172,神化の蒼面,神化的蒼面具,5,進化用,水,40,40,200,200,1,1,1,なし,なし,1,241,44.33,,,,,
173,神化の碧面,神化的碧面具,5,進化用,木,40,40,200,200,1,1,1,なし,なし,1,241,44.33,,,,,
174,神化の金面,神化的金面具,5,進化用,光,40,40,200,200,1,1,1,なし,なし,1,241,44.33,,,,,
175,神化の黒面,神化的黑面具,5,進化用,闇,40,40,200,200,1,1,1,なし,なし,1,241,44.33,,,,,
176,メタルドラゴン,金屬龍,3,強化用,闇,100,100,20,20,5,5,1,なし,なし,1,125,15.67,,,,,
177,ハイメタルドラゴン,大金屬龍,4,強化用,闇,250,250,30,30,10,10,1,なし,なし,1,290,34.33,,,,,
178,キングメタルドラゴン,金屬龍王,5,強化用,闇,500,500,40,40,15,15,1,なし,なし,1,555,63,,,,,
179,ゴールドドラゴン,黃金龍,3,強化用,光,100,100,20,20,5,5,1,なし,なし,1,125,15.67,,,,,
180,ハイゴールドドラゴン,大黃金龍,4,強化用,光,250,250,30,30,10,10,1,なし,なし,1,290,34.33,,,,,
181,キングゴールドドラゴン,黃金龍王,5,強化用,光,500,500,40,40,15,15,1,なし,なし,1,555,63,,,,,
182,ポリン,波利,3,強化用,火,777,777,405,405,210,210,10,アーマーブレイク,炎の防壁,1,1392,228.7,,,,,
183,マーリン,冰波利,3,強化用,水,756,756,412,412,207,207,10,攻撃態勢・水,氷の防壁,1,1375,227,,,,,
184,ポポリン,波波利,3,強化用,木,744,744,419,419,205,205,10,攻撃態勢・木,大樹の防壁,1,1368,226.53,,,,,
185,ドロップス,土波利,3,強化用,光,732,732,408,408,201,201,10,攻撃態勢・光,光の防壁,1,1341,221.8,,,,,
186,ゴーストリング,幽靈波利,3,強化用,闇,722,722,411,411,203,203,10,毒の霧,闇の防壁,1,1336,222.07,,,,,
187,ゼウス,宙斯,6,神,光,358,1975,243,894,62,217,40,ラース・オブ・ゴッド,パワー・オブ・ゼウス,50(400),3086,448.63,,,,,
188,覚醒ゼウス,覺醒宙斯,7,神,光,1580,3587,805,1422,195,330,50,ラース・オブ・ゴッド,パワー・オブ・ゼウス,99(400),5339,753.1,,,,,
189,ヘラ,赫拉,6,神,闇,343,1788,258,988,24,200,25,ギガグラビティ,クイックブースト,50(400),2976,443.07,,,,,
190,覚醒ヘラ,覺醒赫拉,7,神/悪魔,闇,1430,3140,889,1546,180,308,30,ギガグラビティ,神の一手,99(400),4994,725.87,,,,,
191,パイロデビル,火焰魔鬼,2,攻撃,火,32,240,105,394,15,125,5,ボム,なし,15(150),759,144.47,,,,,
192,パイロデーモン,火焰惡魔,3,攻撃,火,192,525,355,1097,113,164,8,ボム,なし,50(150),1786,326.57,,,,,
193,フロストデビル,冰霜魔鬼,2,攻撃,水,34,255,101,379,16,133,5,ボム,なし,15(150),767,145.63,,,,,
194,フロストデーモン,冰霜惡魔,3,攻撃,水,204,533,341,1085,120,169,8,ボム,なし,50(150),1787,326.63,,,,,
195,タウロスデビル,牛頭魔鬼,2,攻撃,木,33,248,104,390,16,133,5,ボム,なし,15(150),771,147.13,,,,,
196,タウロスデーモン,牛頭惡魔,3,攻撃,木,198,542,351,1110,120,165,8,ボム,なし,50(150),1817,331.2,,,,,
197,ハーピィデビル,哈比魔鬼,2,攻撃,光,31,233,100,375,16,133,5,ボム,なし,15(150),741,142.63,,,,,
198,ハーピィデーモン,哈比惡魔,3,攻撃,光,186,517,338,1073,120,167,8,ボム,なし,50(150),1757,321.97,,,,,
199,ブラッドデビル,血之魔鬼,2,攻撃,闇,30,225,102,383,15,125,5,ボム,なし,15(150),733,140.77,,,,,
200,ブラッドデーモン,血之惡魔,3,攻撃,闇,180,508,345,1079,113,163,8,ボム,なし,50(150),1750,320.93,,,,,
201,紅蓮の女帝・エキドナ,紅蓮的女帝·俄克德娜,5,回復,火,672,1277,452,949,406,650,13,威嚇,煉獄,99(400),2876,534.17,,,,,
202,大海の歌姫・セイレーン,大海的歌姬·塞壬,5,回復,水,690,1311,436,785,432,691,13,防御態勢・水,癒しの舞,99(400),2787,518.43,,,,,
203,大樹の精霊・アルラウネ,大樹的精靈·愛娜溫,5,回復,木,644,1224,431,819,448,717,13,キュアー,癒しの舞,99(400),2760,525.2,,,,,
204,天空の使徒・エンジェル,天空的使徒·安琪兒,5,回復,光,654,1243,415,789,456,730,13,ヒール,癒しの舞,99(400),2762,525.83,,,,,
205,常夜の魔女・リリス,常夜的魔女·莉莉絲,5,回復/悪魔,闇,672,1277,473,1088,399,638,13,毒の霧,クイックブースト,99(400),3003,557.97,,,,,
206,マーズライトカーバンクル,火星之光寶石獸,4,回復,火,220,990,110,583,150,450,8,大回復の光,癒しの祈り,70(150),2023,365.6,,,,,
207,マーキュライトカーバンクル,水星之光寶石獸,4,回復,水,230,1035,105,557,160,480,8,大回復の光,癒しの祈り,70(150),2072,374.9,,,,,
208,アースライトカーバンクル,大地之光寶石獸,4,回復,木,210,945,108,572,155,465,8,大回復の光,癒しの祈り,70(150),1982,363.9,,,,,
209,サンライトカーバンクル,陽光寶石獸,4,回復,光,200,900,100,530,158,474,8,大回復の光,癒しの祈り,70(150),1904,354,,,,,
210,ムーンライトカーバンクル,月光寶石獸,4,回復,闇,190,855,103,546,152,456,8,大回復の光,癒しの祈り,70(150),1857,346.7,,,,,
211,メテオボルケーノドラゴン,隕石火山龍,5,ドラゴン,火,1130,2825,950,1330,93,186,15,マグマボール,炎の防壁,99(400),4341,610.5,,,,,
212,クリスタルオーロラドラゴン,水晶極光龍,5,ドラゴン,水,1222,3055,903,1264,101,202,15,ブリザードボール,氷の防壁,99(400),4521,625.63,,,,,
213,グラビトンアースドラゴン,引力大地龍,5,ドラゴン,木,1204,3010,914,1280,109,218,15,ガイアボール,大樹の防壁,99(400),4508,629.67,,,,,
214,ライトニングホーリードラゴン,閃電神聖龍,5,ドラゴン,光,1158,2895,924,1294,117,234,15,ホーリーボール,光の防壁,99(400),4423,626.3,,,,,
215,カオスデビルドラゴン,混沌惡魔龍,5,ドラゴン/悪魔,闇,1176,2940,940,1316,86,172,15,ヘルボール,闇の防壁,99(400),4428,614.53,,,,,
216,緋天龍・エルドラド,緋天龍·埃爾多拉多,6,ドラゴン,火,316,1612,423,1816,122,244,40,フレイムブレス,爆炎の力,99(400),3672,605.73,,,,,
217,蒼天龍・ニライカナイ,蒼天龍·龍宮,6,ドラゴン,水,310,1581,453,1857,113,226,40,スプラッシュブレス,激流の力,99(400),3664,604.83,,,,,
218,樹天龍・ホウライ,樹天龍·蓬萊,6,ドラゴン,木,321,1637,440,1804,125,250,40,ロックブレス,大地の力,99(400),3691,607.83,,,,,
219,聖天龍・シャングリラ,聖天龍·香格里拉,6,ドラゴン,光,309,1576,428,1755,114,228,40,プラズマブレス,閃光の力,99(400),3559,584.6,,,,,
220,夜天龍・エリュシオン,夜天龍·艾利西翁,6,ドラゴン,闇,312,1591,432,1771,111,222,40,カースブレス,暗黒の力,99(400),3584,587.3,,,,,
221,ベルセルク,狂暴者,4,体力,水,72,1624,76,705,9,46,7,攻撃態勢・水,狂戦士の怒り,50(150),2375,318.73,,,,,
222,蒼剣の覇王・ジークフリート,蒼劍的霸王·齊格弗裡德,5,体力,水,1462,2242,635,1207,41,99,15,攻撃態勢・水,ドラゴンブラッド,70(400),3548,498.6,,,,,
223,ハイランダー,高地人,4,バランス,木,61,906,68,752,15,165,7,攻撃態勢・木,戦士の誓い,50(150),1823,296,,,,,
224,碧槍の英雄・クーフーリン,碧槍的英雄·庫胡林,5,バランス,木,815,1724,677,1286,149,286,15,攻撃態勢・木,スカアハの祈り,70(400),3296,524.93,,,,,
225,ワルキューレ,瓦爾基裡,4,回復,光,55,1000,67,555,35,256,7,攻撃態勢・光,戦乙女の誇り,50(150),1811,296.33,,,,,
226,白盾の女神・ヴァルキリー,白盾的女神·瓦爾基裡,5,回復,光,900,1810,500,1050,230,477,15,攻撃態勢・光,ヴァルキリーソウル,70(400),3337,550,,,,,
227,ドラゴンフルーツ,龍果,5,進化用,木,300,300,300,300,300,300,1,なし,なし,1,900,190,,,,,
228,マスターリング,波利王,5,体力,火,1000,4500,500,1200,50,200,50,ドロップリフレッシュ,ハイラッキー,99(400),5900,756.67,,,,,
229,フェニックスナイト・ホムラ,鳳凰騎士·焰,5,バランス,火,1064,2234,782,1173,259,389,14,ドロップ変化・火,不死鳥の加護,99(300),3796,587.67,,,,,
230,フェンリルナイト・カムイ,芬里爾騎士·神威,5,バランス,水,970,2037,835,1253,217,326,14,ドロップ変化・水,神狼の咆哮,99(300),3616,562.97,,,,,
231,エンシェントドラゴンナイト,遠古龍騎士,5,ドラゴン,木,1018,2138,808,1212,224,336,14,ドロップ変化・木,龍騎士の怒り,99(300),3686,568.2,,,,,
232,天空の騎士・ヴァーチェ,天空的騎士·德天使,5,神/バランス,光,990,2079,798,1197,252,378,14,ドロップ変化・光,神への祈り,99(300),3654,573.3,,,,,
233,カオスドラゴンナイト,混沌龍騎士,5,ドラゴン,闇,1046,2197,824,1236,210,315,14,ドロップ変化・闇,龍騎士の誓い,99(300),3752,571.9,,,,,
234,神秘の仮面,神秘的面具,5,進化用,光,300,300,300,300,300,300,1,なし,なし,1,900,190,,,,,
235,キングゴールドネッキー,黃金尼奇王,5,強化用,光,832,832,832,832,832,832,1,ファミ通Appの怒り,ファミ通Appの加護,1,2496,526.93,,,,,
236,シヴァ,濕婆,5,神,火,826,1982,512,1075,44,92,20,第三の目,火の魂,50(400),3149,443.87,,,,,
237,破壊神・シヴァ,破壞神·濕婆,6,神,火,1586,3331,968,1452,83,125,25,第三の目,爆炎の魂,99(400),4908,665.17,,,,,
238,ラクシュミー,拉克什米,5,神,水,623,1308,436,916,233,489,20,吸魔の光,水の魂,50(400),2713,477,,,,,
239,幸運の女神・ラクシュミー,幸運的女神·拉克什米,6,神,水,1046,2197,824,1236,440,660,25,吸魔の光,激流の魂,99(400),4093,686.9,,,,,
240,パールヴァティー,帕爾瓦蒂,5,神,木,777,1632,478,1004,156,328,20,防御態勢・木,木の魂,50(400),2964,473.33,,,,,
241,金色の女神・パールヴァティー,金色的女神·帕爾瓦蒂,6,神,木,1306,2743,904,1356,295,443,25,防御態勢・木,大地の魂,99(400),4542,693.17,,,,,
242,インドラ,因陀羅,5,神,光,856,2054,482,1012,77,162,20,英龍の守り,龍神の誓い,50(400),3228,461.8,,,,,
243,雷霆龍・インドラ,雷霆龍·因陀羅,6,神,光,1643,3450,911,1367,146,219,25,英龍の守り,龍神の祈り,99(400),5036,691.4,,,,,
244,ヴリトラ,弗栗多,5,神,闇,909,2182,467,981,39,82,20,恨みの一撃,龍神の怒り,50(400),3245,441.73,,,,,
245,暗黒龍・ヴリトラ,暗黑龍·弗栗多,6,神,闇,1746,3667,883,1325,74,111,25,恨みの一撃,龍神の咆哮,99(400),5103,668.7,,,,,
246,ダブルビリット,雙倍紅寶精靈,5,進化用,火,500,500,500,500,200,200,1,なし,なし,1,1200,216.67,,,,,
247,ダブサファリット,雙倍藍寶精靈,5,進化用,水,500,500,500,500,200,200,1,なし,なし,1,1200,216.67,,,,,
248,ダブエメリット,雙倍綠寶精靈,5,進化用,木,500,500,500,500,200,200,1,なし,なし,1,1200,216.67,,,,,
249,ダブトパリット,雙倍黃玉精靈,5,進化用,光,500,500,500,500,200,200,1,なし,なし,1,1200,216.67,,,,,
250,ダブアメリット,雙倍紫晶精靈,5,進化用,闇,500,500,500,500,200,200,1,なし,なし,1,1200,216.67,,,,,
251,ダブミスリット,雙倍秘銀精靈,6,進化用,闇,1000,1000,800,800,300,300,1,なし,なし,1,2100,360,,,,,
252,ルビードラゴン,紅寶石龍,3,強化用,火,100,100,20,20,5,5,1,なし,なし,1,125,15.67,,,,,
253,ハイルビードラゴン,大紅寶石龍,4,強化用,火,250,250,30,30,10,10,1,なし,なし,1,290,34.33,,,,,
254,キングルビードラゴン,紅寶石龍王,5,強化用,火,500,500,40,40,15,15,1,なし,なし,1,555,63,,,,,
255,サファイアドラゴン,藍寶石龍,3,強化用,水,100,100,20,20,5,5,1,なし,なし,1,125,15.67,,,,,
256,ハイサファイアドラゴン,大藍寶石龍,4,強化用,水,250,250,30,30,10,10,1,なし,なし,1,290,34.33,,,,,
257,キングサファイアドラゴン,藍寶石龍王,5,強化用,水,500,500,40,40,15,15,1,なし,なし,1,555,63,,,,,
258,エメラルドドラゴン,綠寶石龍,3,強化用,木,100,100,20,20,5,5,1,なし,なし,1,125,15.67,,,,,
259,ハイエメラルドドラゴン,大綠寶石龍,4,強化用,木,250,250,30,30,10,10,1,なし,なし,1,290,34.33,,,,,
260,キングエメラルドドラゴン,綠寶石龍王,5,強化用,木,500,500,40,40,15,15,1,なし,なし,1,555,63,,,,,
261,超キングメタルドラゴン,超級金屬龍王,6,強化用,闇,1000,1000,500,500,100,100,1,なし,なし,1,1600,233.33,,,,,
262,フレイムキメラ,火焰奇美拉,3,攻撃,火,155,403,286,715,30,63,7,ヒートブレス,なし,25(200),1181,204.3,,,,,
263,マグマキマイラ,熔岩奇美拉,4,攻撃,火,322,741,644,1352,57,86,10,マグマブレス,なし,70(200),2179,373.17,,,,,
264,バブルキメラ,泡沫奇美拉,3,攻撃,水,157,408,283,708,33,69,7,コールドブレス,なし,25(200),1185,205.4,,,,,
265,ディープキマイラ,深海奇美拉,4,攻撃,水,326,750,637,1338,62,93,10,ブリザードブレス,なし,70(200),2181,373.6,,,,,
266,リーフキメラ,樹葉奇美拉,3,攻撃,木,161,419,280,700,37,78,7,ウィンドブレス,なし,25(200),1197,207.9,,,,,
267,フラワーキマイラ,鮮花奇美拉,4,攻撃,木,335,771,630,1323,70,105,10,ガイアブレス,なし,70(200),2199,376.7,,,,,
268,ボルトキメラ,閃電奇美拉,3,攻撃,光,150,390,281,703,35,74,7,フラッシュブレス,なし,25(200),1167,204.27,,,,,
269,サンダーキマイラ,雷霆奇美拉,4,攻撃,光,312,718,633,1329,67,101,10,ホーリーブレス,なし,70(200),2148,371.27,,,,,
270,ミストキメラ,薄霧奇美拉,3,攻撃,闇,159,413,278,695,31,65,7,ダークブレス,なし,25(200),1173,201.97,,,,,
271,フォッグキマイラ,濃霧奇美拉,4,攻撃,闇,330,759,626,1315,59,89,10,ヘルブレス,なし,70(200),2163,368.57,,,,,
272,ベビーマッチ,小火柴,2,攻撃,火,32,25,105,325,15,25,5,なし,太鼓の達人！,15(100),375,75.83,,,,,
273,ベビーマッチプラス,小火柴Plus,3,攻撃,火,20,100,293,1765,23,75,10,クイックボム,太鼓の達人！,50(150),1940,388,,,,,
274,アクマーメイド,水叮噹美人魚,2,回復,水,25,130,32,114,33,212,5,なし,太鼓の達人！,15(100),456,106.47,,,,,
275,アクマーメイドプラス,水叮噹美人魚Plus,3,回復,水,104,416,103,289,191,765,10,キュアー,太鼓の達人！,50(150),1470,354.4,,,,,
276,ごぶがりゴブリン,平頭哥布林,2,体力,木,82,632,79,189,0,0,5,なし,太鼓の達人！,15(100),821,101,,,,,
277,ごぶがりゴブリンプラス,平頭哥布林Plus,3,体力,木,506,2765,170,342,0,0,10,鉄壁の構え,太鼓の達人！,50(150),3107,344.9,,,,,
278,音符のしにがみ,音符死神,2,バランス,闇,45,222,46,222,22,66,5,なし,太鼓の達人！,15(100),510,88.6,,,,,
279,音符のしにがみプラス,音符死神Plus,3,バランス,闇,178,765,200,765,59,222,10,毒の霧,太鼓の達人！,50(150),1752,303.5,,,,,
280,どんちゃん,咚鏘,3,回復,光,208,1224,77,235,60,400,5,ヒール,太鼓の達人！,50(100),1859,302.73,,,,,
281,勇者どんちゃん,勇者咚鏘,4,回復,光,208,765,77,357,60,365,10,ヒール,太鼓の達人！,70(150),1487,269.57,,,,,
282,勇者どんちゃんプラス,勇者咚鏘Plus,5,回復,光,612,1765,321,555,329,765,15,ヒール,太鼓の達人！,99(300),3085,542.5,,,,,
283,砲炎機龍・ベテルギウス,炮炎機龍·貝特魯吉爾斯,6,ドラゴン,火,1595,4307,757,1590,30,105,50,ブラストカノン,爆炎の力,99(400),6002,783.7,,,,,
284,氷砕機龍・アルデバラン,冰碎機龍·艾爾帕蘭,6,ドラゴン,水,1610,4347,748,1571,32,112,50,ブリザードカノン,激流の力,99(400),6030,786.23,,,,,
285,旋風機龍・カノープス,旋風機龍·卡諾普斯,6,ドラゴン,木,1528,4126,739,1552,34,119,50,トルネードカノン,大地の力,99(400),5797,762.67,,,,,
286,皇爪機龍・レグルス,皇爪機龍·雷古勒斯,6,ドラゴン,光,1503,4058,730,1533,36,126,50,プラズマカノン,閃光の力,99(400),5717,754.4,,,,,
287,殲滅機龍・ハダル,殲滅機龍·哈達魯,6,ドラゴン,闇,1488,4018,766,1609,28,98,50,グラビティカノン,暗黒の力,99(400),5725,756.27,,,,,
288,ドラール,幼炎龍,3,ドラゴン,火,205,431,83,166,50,100,5,防御態勢・火,火と木の守り,15(150),697,109.63,,,,,
289,アグドラール,熔岩火焰龍,4,ドラゴン,火,345,725,149,373,90,180,10,防御態勢・火,火と木の守り,35(200),1278,207.1,,,,,
290,フレアドラール,熾炎火焰龍,5,ドラゴン,火,580,2146,336,840,162,324,15,防御態勢・火,炎樹の防壁,99(300),3310,490.6,,,,,
291,シャードラ,幼鯊龍,3,ドラゴン,水,210,441,85,170,48,96,5,防御態勢・水,水と火の守り,15(150),707,110.1,,,,,
292,シャードラン,鯊魚龍,4,ドラゴン,水,353,741,153,383,86,172,10,防御態勢・水,水と火の守り,35(200),1296,208.03,,,,,
293,メガロドラン,巨型鯊魚龍,5,ドラゴン,水,593,2194,345,863,155,310,15,防御態勢・水,氷炎の防壁,99(300),3367,495.33,,,,,
294,トイトプス,玩具三角幼龍,3,ドラゴン,木,230,483,80,160,46,92,5,防御態勢・木,木と水の守り,15(150),735,110.97,,,,,
295,トイケラトプス,玩具三角龍,4,ドラゴン,木,386,811,144,360,83,166,10,防御態勢・木,木と水の守り,35(200),1337,208.43,,,,,
296,フォートトイトプス,堡壘三角龍,5,ドラゴン,木,649,2401,324,810,149,298,15,防御態勢・木,樹氷の防壁,99(300),3509,501.43,,,,,
297,フェリオ,妖精幼龍,3,ドラゴン,光,257,437,94,154,71,111,5,防御態勢・光,光と木の守り,15(150),702,111.5,,,,,
298,フェアリオン,妖精龍,4,ドラゴン,光,350,735,139,348,100,200,10,防御態勢・光,光と木の守り,35(200),1283,209.77,,,,,
299,エンジェリオン,天使妖精龍,5,ドラゴン,光,588,2176,313,783,180,360,15,防御態勢・光,聖樹の防壁,99(300),3319,494.2,,,,,
300,ピエドラ,小丑龍,3,ドラゴン,闇,200,420,82,164,55,105,5,防御態勢・闇,闇と水の守り,15(150),689,109.8,,,,,
301,ピエドラウン,小丑龍王,4,ドラゴン,闇,336,706,148,370,95,190,10,防御態勢・闇,闇と水の守り,35(200),1266,207.93,,,,,
302,ドラウンジョーカー,鬼牌小丑龍,5,ドラゴン/悪魔,闇,565,2091,333,833,171,342,15,防御態勢・闇,魔氷の防壁,99(300),3266,489.7,,,,,
303,ホノペンドラ,火企鵝幼龍,2,強化用,火,86,258,90,180,63,126,4,なし,なし,10(100),564,103.8,,,,,
304,ルビペンドラ,紅寶石企鵝龍,3,強化用,火,387,387,270,270,189,189,5,なし,なし,1,846,155.7,,,,,
305,ペンペンドラ,冰企鵝幼龍,2,強化用,水,83,249,95,190,60,120,4,なし,なし,10(100),559,102.9,,,,,
306,サファペンドラ,藍寶石企鵝龍,3,強化用,水,374,374,285,285,180,180,5,なし,なし,1,839,154.4,,,,,
307,ジュペンドラ,樹企鵝幼龍,2,強化用,木,80,240,92,184,66,132,4,なし,なし,10(100),556,104.8,,,,,
308,エメペンドラ,綠寶石企鵝龍,3,強化用,木,360,360,276,276,198,198,5,なし,なし,1,834,157.2,,,,,
309,超キングゴールドドラゴン,超級黃金龍王,6,強化用,光,1000,1000,500,500,100,100,1,なし,なし,1,1600,233.33,,,,,
310,氷のサムライオーガ,冰之武士食人魔,4,体力/悪魔,火水,504,1875,284,888,5,8,11,フリーズストライク,根性,50(150),2771,367.77,,,,,
311,樹のサムライオーガ,樹之武士食人魔,4,体力/悪魔,火木,504,1875,284,888,5,8,11,ロックストライク,根性,50(150),2771,367.77,,,,,
312,炎のアイスオーガ,炎之冰食人魔,4,体力/悪魔,水火,498,2000,277,875,5,8,11,フレイムストライク,根性,50(150),2883,377.67,,,,,
313,樹のアイスオーガ,樹之冰食人魔,4,体力/悪魔,水木,498,2000,277,875,5,8,11,ロックストライク,根性,50(150),2883,377.67,,,,,
314,炎のアーマーオーガ,炎之裝甲食人魔,4,体力/悪魔,木火,492,1938,266,856,5,8,11,フレイムストライク,根性,50(150),2802,367.67,,,,,
315,氷のアーマーオーガ,冰之裝甲食人魔,4,体力/悪魔,木水,492,1938,266,856,5,8,11,フリーズストライク,根性,50(150),2802,367.67,,,,,
316,炎の機神兵・ヨトゥン,炎之機神兵·約頓,5,体力,火,2114,5074,704,915,3,6,17,防御の構え,ブレイズカウンター,99(300),5995,692.4,,,,,
317,水の機神兵・ミズガルズ,水之機神兵·米德加魯斯,5,体力,水,2128,5107,689,896,4,8,17,防御の構え,フリーズカウンター,99(300),6011,692.57,,,,,
318,木の機神兵・アースガル,木之機神兵·阿斯嘉魯,5,体力,木,2120,5088,698,907,4,8,17,防御の構え,ストーンカウンター,99(300),6003,692.87,,,,,
319,マシンゴーレムMk-III,機械魔像Mk-III,5,体力,光,1654,4135,835,1086,5,10,18,アーマーブレイク,ライトニングカウンター,99(300),5231,634.03,,,,,
320,ダークゴーレムMk-III,黑暗魔像Mk-III,5,体力,闇,1618,4045,861,1119,5,10,18,アーマーブレイク,ダークネスカウンター,99(300),5174,631.63,,,,,
321,虹の番人,虹之守門人,6,進化用,闇,3126,3126,1056,1056,157,157,25,防御の構え,守りの心得,1,4339,576.13,,,,,
322,蒼炎星・イフリート,蒼炎星·伊夫利特,6,ドラゴン,火水,798,2327,421,1338,105,220,20,マグマブレス,蒼炎の星,99(400),3885,573.63,,,,,
323,碧炎星・イフリート,碧炎星·伊夫利特,6,ドラゴン,火木,798,2327,421,1338,105,220,20,マグマブレス,碧炎の星,99(400),3885,573.63,,,,,
324,輝炎星・イフリート,輝炎星·伊夫利特,6,ドラゴン,火光,798,2327,421,1238,105,280,20,マグマブレス,輝炎の星,99(400),3825,573.63,,,,,
325,黒炎星・イフリート,黑炎星·伊夫利特,6,ドラゴン,火闇,798,2527,421,1238,105,220,20,マグマブレス,黒炎の星,99(400),3985,573.63,,,,,
326,紅氷星・リヴァイアサン,紅冰星·利維坦,6,ドラゴン,水火,861,2409,416,1305,105,231,20,ブリザードブレス,紅氷の星,99(400),3945,578.9,,,,,
327,碧氷星・リヴァイアサン,碧冰星·利維坦,6,ドラゴン,水木,861,2409,416,1305,105,231,20,ブリザードブレス,碧氷の星,99(400),3945,578.9,,,,,
328,輝氷星・リヴァイアサン,輝冰星·利維坦,6,ドラゴン,水光,861,2409,416,1205,105,291,20,ブリザードブレス,輝氷の星,99(400),3905,578.9,,,,,
329,黒氷星・リヴァイアサン,黑冰星·利維坦,6,ドラゴン,水闇,861,2609,416,1205,105,231,20,ブリザードブレス,黒氷の星,99(400),4045,578.9,,,,,
330,紅樹星・ファフニール,紅樹星·法夫納,6,ドラゴン,木火,777,2360,451,1362,95,231,20,ガイアブレス,紅樹の星,99(400),3943,585.4,,,,,
331,蒼樹星・ファフニール,蒼樹星·法夫納,6,ドラゴン,木水,777,2360,451,1362,95,231,20,ガイアブレス,蒼樹の星,99(400),3943,585.4,,,,,
332,輝樹星・ファフニール,輝樹星·法夫納,6,ドラゴン,木光,777,2360,451,1262,95,291,20,ガイアブレス,輝樹の星,99(400),3903,585.4,,,,,
333,黒樹星・ファフニール,黑樹星·法夫納,6,ドラゴン,木闇,777,2560,451,1262,95,231,20,ガイアブレス,黒樹の星,99(400),4043,585.4,,,,,
334,紅光星・神龍,紅光星·神龍,6,ドラゴン/神,光火,756,2277,426,1313,121,275,20,ホーリーブレス,紅光の星,99(400),3865,581.97,,,,,
335,蒼光星・神龍,蒼光星·神龍,6,ドラゴン/神,光水,756,2277,426,1313,121,275,20,ホーリーブレス,蒼光の星,99(400),3865,581.97,,,,,
336,碧光星・神龍,碧光星·神龍,6,ドラゴン/神,光木,756,2277,426,1313,121,275,20,ホーリーブレス,碧光の星,99(400),3865,581.97,,,,,
337,黒光星・神龍,黑光星·神龍,6,ドラゴン/神,光闇,756,2477,426,1213,121,275,20,ホーリーブレス,黒光の星,99(400),3965,581.97,,,,,
338,紅闇星・ティアマット,紅暗星·迪亞馬特,6,ドラゴン,闇火,812,2310,457,1354,74,198,20,ヘルブレス,紅闇の星,99(400),3862,567.8,,,,,
339,蒼闇星・ティアマット,蒼暗星·迪亞馬特,6,ドラゴン,闇水,812,2310,457,1354,74,198,20,ヘルブレス,蒼闇の星,99(400),3862,567.8,,,,,
340,碧闇星・ティアマット,碧暗星·迪亞馬特,6,ドラゴン,闇木,812,2310,457,1354,74,198,20,ヘルブレス,碧闇の星,99(400),3862,567.8,,,,,
341,輝闇星・ティアマット,輝暗星·迪亞馬特,6,ドラゴン,闇光,812,2310,457,1254,74,258,20,ヘルブレス,輝闇の星,99(400),3822,567.8,,,,,
342,ECO・サラマンダー,ECO·塞爾曼德,3,バランス,火,232,742,112,358,88,185,6,なし,火の魂,25(100),1285,207.47,,,,,
343,ECO・サラマンダー・アルマ,ECO·塞爾曼德·阿魯瑪,4,バランス,火,594,1604,322,805,167,251,12,防御態勢・火,火の魂,70(150),2660,405.07,,,,,
344,ECO・ペペン,ECO·企鵝子,3,バランス,水,221,707,106,339,99,208,6,なし,水の魂,25(100),1254,207.83,,,,,
345,ECO・ペペン・アルマ,ECO·企鵝子·阿魯瑪,4,バランス,水,566,1528,305,763,187,281,12,吸魔の光,水の魂,70(150),2572,399.07,,,,,
346,ECO・シャボタン,ECO·仙人掌,3,バランス,木,226,723,104,333,103,216,6,なし,木の魂,25(100),1272,210.9,,,,,
347,ECO・シャボタン・アルマ,ECO·仙人掌·阿魯瑪,4,バランス,木,578,1561,300,750,194,291,12,防御態勢・木,木の魂,70(150),2602,403.1,,,,,
348,ECO・ベイビータイニー,ECO·泰迪寶寶,4,バランス,光,214,685,99,317,115,242,6,チェンジ・ザ・ワールド,タイニーエール,25(100),1244,212.57,,,,,
349,ECO・タイニー,ECO·泰迪,4,バランス,光,548,1480,285,713,218,327,12,チェンジ・ザ・ワールド,タイニーエール,70(150),2520,399.6,,,,,
350,フォーミュラー,福繆拉,4,ドラゴン,光,398,796,222,333,77,154,15,フレイムバースト,なし,25(100),1283,197.53,,,,,
351,炎聖騎龍・フォーミュラー,炎聖騎龍·福繆拉,5,ドラゴン,光火,637,1911,300,1140,139,278,20,フレイムバースト,炎聖護法陣,99(400),3329,511.77,,,,,
352,シャイターン,撒旦,4,バランス,火,215,559,280,588,129,271,8,爆炎の結界,炎の祈り,35(150),1418,263.83,,,,,
353,怒りと炎の精霊・シャイターン,憤怒與炎的精靈·撒旦,5,バランス/悪魔,火,447,1028,529,1270,244,366,16,爆炎の結界,炎の祈り,99(300),2664,478.8,,,,,
354,ウンディーネ,溫蒂妮,4,バランス,水,210,546,263,552,137,288,8,激流の結界,水の祈り,35(150),1386,261,,,,,
355,愛と水の精霊・ウンディーネ,愛與水的精靈·溫蒂妮,5,バランス,水,437,1005,497,1193,259,389,16,激流の結界,水の祈り,99(300),2587,468.77,,,,,
356,シルフ,希爾芙,4,バランス,木,206,536,270,567,132,277,8,大地の結界,風の祈り,35(150),1380,259.33,,,,,
357,自由と風の精霊・シルフ,自由與風的精靈·希爾芙,5,バランス,木,429,987,510,1224,249,374,16,大地の結界,風の祈り,99(300),2585,468.17,,,,,
358,ジーニャ,吉尼婭,4,バランス,光,201,523,266,559,140,294,8,閃光の結界,光の祈り,35(150),1376,262.1,,,,,
359,富と光の精霊・ジーニャ,富與光的精靈·吉尼婭,5,バランス,光,418,961,503,1207,265,398,16,閃光の結界,光の祈り,99(300),2566,470.17,,,,,
360,タナトス,塔納托斯,4,バランス,闇,209,543,276,580,121,254,8,暗黒の結界,闇の祈り,35(150),1377,254.97,,,,,
361,死と闇の精霊・タナトス,死與暗的精靈·塔納托斯,5,バランス/悪魔,闇,434,998,522,1253,229,344,16,暗黒の結界,闇の祈り,99(300),2595,465.07,,,,,
362,オーディン,奧丁,5,神,木,1123,2358,758,985,144,288,25,グングニール,守りの衣,50(400),3631,528.8,,,,,
363,覚醒オーディン,覺醒奧丁,6,神,木,1886,4149,887,1153,259,518,45,グングニール,守りの衣,99(400),5820,818.17,,,,,
364,秘神・オーディン,秘神·奧丁,6,神,水,1158,2432,783,1018,152,304,30,魔槍グングニール,ルーン・オブ・フェイト,50(400),3754,548.13,,,,,
365,覚醒秘神・オーディン,覺醒秘神·奧丁,7,神,水,1946,4281,916,1191,274,548,50,魔槍グングニール,グレイス・オブ・ミーミル,99(400),6020,848.97,,,,,
366,プラン,普蘭,4,ドラゴン,木,267,734,233,396,91,182,15,フリーズバースト,なし,25(100),1312,213.27,,,,,
367,覚醒プラン,覺醒普蘭,5,ドラゴン,木水,587,1585,356,1175,164,328,20,フリーズバースト,龍姫の祈り,99(400),3088,502.83,,,,,
368,フレイ,弗雷,5,神,火,526,1262,482,964,154,323,20,フレイムエンハンス,火の魂,50(400),2549,426.67,,,,,
369,勝利の神・フレイ,勝利之神·弗雷,6,神,火,1010,2525,868,1302,291,437,30,フレイムエンハンス,焔の魂,99(400),4264,658.56,,,,,
370,イズン＆イズーナ,伊登＆伊茲娜,5,神,水,503,1207,456,912,183,384,20,ウォーターエンハンス,水の魂,50(400),2503,431.1,,,,,
371,双星の女神・イズン＆イズーナ,雙星女神·伊登＆伊茲娜,6,神,水,966,2415,821,1232,346,519,30,ウォーターエンハンス,氷の魂,99(400),4166,660.9,,,,,
372,フレイヤ,芙蕾雅,5,神,木,507,1217,450,900,180,378,20,アースエンハンス,木の魂,50(400),2495,427.7,,,,,
373,大地の女神・フレイヤ,大地的女神·芙蕾雅,6,神,木,974,2435,810,1215,340,510,30,アースエンハンス,大樹の魂,99(400),4160,656.5,,,,,
374,トール,托爾,5,神,光,586,1406,500,1000,100,210,20,サンダーエンハンス,光の魂,50(400),2616,410.6,,,,,
375,雷の戦神・トール,雷之戰神·托爾,6,神,光,1125,2813,900,1350,189,284,30,サンダーエンハンス,雷の魂,99(400),4447,645.96,,,,,
376,ロキ,洛基,5,神,闇,514,1234,467,934,168,353,20,ダークエンハンス,闇の魂,50(400),2521,427.87,,,,,
377,狡知の神・ロキ,狡詐之神·洛基,6,神,闇,987,2468,841,1262,318,477,30,ダークエンハンス,悪の魂,99(400),4207,658.2,,,,,
378,ディノライダー,恐龍騎士,5,攻撃,火木,176,704,165,578,28,59,8,ダブルドロップ変化・火木,突撃陣形,50(150),1341,205.67,,,,,
379,ディノライダー・ドレーク,恐龍騎士·德雷克,6,攻撃/ドラゴン,火木,563,1802,520,1560,53,80,16,ダブルドロップ変化・火木,背水の陣,99(300),3442,518.87,,,,,
380,ビーストライダー,猛獸騎士,5,攻撃,水火,181,724,164,574,36,76,8,ダブルドロップ変化・水火,突撃陣形,50(150),1374,212.53,,,,,
381,ビーストライダー・マーリン,猛獸騎士·梅林,6,攻撃/悪魔,水火,579,1853,517,1551,68,102,16,ダブルドロップ変化・水火,背水の陣,99(300),3506,529.5,,,,,
382,マリンライダー,海獸騎士,5,攻撃,木水,170,680,163,571,34,71,8,ダブルドロップ変化・木水,突撃陣形,50(150),1322,205.87,,,,,
383,マリンライダー・ロビン,海獸騎士·羅賓,6,攻撃/悪魔,木水,544,1741,514,1542,64,96,16,ダブルドロップ変化・木水,背水の陣,99(300),3379,514.5,,,,,
384,ドラゴンライダー,龍騎乘士,5,攻撃,光闇,179,716,168,521,25,53,8,ダブルドロップ変化・光闇,突撃陣形,50(150),1290,193.47,,,,,
385,ドラゴンライダー・アーサー,龍騎乘士·亞瑟,6,攻撃/ドラゴン,光闇,573,2006,469,1407,48,72,16,ダブルドロップ変化・光闇,背水の陣,99(300),3485,506,,,,,
386,グリプスライダー,獅鷲騎士,5,攻撃,闇光,174,706,169,524,30,63,8,ダブルドロップ変化・闇光,突撃陣形,50(150),1293,196.4,,,,,
387,グリプスライダー・フィン,獅鷲騎士·費恩,6,攻撃/悪魔,闇光,557,1950,472,1416,57,86,16,ダブルドロップ変化・闇光,背水の陣,99(300),3452,506.87,,,,,
388,戦女神・セイントミネルヴァ,戰女神·神聖米涅瓦,7,神/バランス,火光,1260,3069,810,1459,173,478,30,クイックボム,陽光の防壁,99(400),5006,758.03,,,,,
389,戦女神・ダークミネルヴァ,戰女神·黑暗米涅瓦,7,神/悪魔,火闇,1260,3069,810,1459,173,478,30,クイックボム,邪炎の防壁,99(400),5006,758.03,,,,,
390,海王神・ヘブンズネプチューン,海王神·天堂尼普頓,7,神/体力,水光,1280,3102,805,1451,165,467,30,ヒュドラの毒,聖海の防壁,99(400),5020,756.06,,,,,
391,海王神・アビスネプチューン,海王神·深淵尼普頓,7,神/悪魔,水闇,1280,3102,805,1451,165,467,30,ヒュドラの毒,魔氷の防壁,99(400),5020,756.06,,,,,
392,豊穣神・ホーリーセレス,豐收神·神聖瑟雷斯,7,神/回復,木光,1110,2574,675,1161,285,741,30,完治の光,聖樹の防壁,99(400),4476,736.6,,,,,
393,豊穣神・イービルセレス,豐收神·邪惡瑟雷斯,7,神/悪魔,木闇,1110,2574,675,1161,285,741,30,完治の光,呪花の防壁,99(400),4476,736.6,,,,,
394,慈愛神・コスモスヴィーナス,慈愛神·宇宙維納斯,7,神/回復,光光,1050,2475,692,1286,308,685,30,チェンジ・ザ・ワールド,光神の守護,99(400),4446,733.03,,,,,
395,慈愛神・カオスヴィーナス,慈愛神·混沌維納斯,7,神/悪魔,光闇,1050,2475,692,1186,308,685,30,チェンジ・ザ・ワールド,聖魔の防壁,99(400),4346,713.03,,,,,
396,冥界神・アークハーデス,冥界神·方舟哈帝斯,7,神/悪魔,闇光,1140,2871,777,1510,158,456,30,ギガグラビティ,聖魔の防壁,99(400),4837,741.1,,,,,
397,冥界神・インフェルノハーデス,冥界神·煉獄哈帝斯,7,神/悪魔,闇闇,1140,2871,777,1610,158,456,30,ギガグラビティ,死神の守護,99(400),4937,761.1,,,,,
398,フェニックス,菲尼克斯,4,攻撃,火,98,294,178,534,178,374,7,ドロップ強化・火,なし,35(150),1202,260.87,,,,,
399,転生の霊鳥・フェニックス,轉生的靈鳥·鳳凰,5,攻撃,火,235,588,481,1443,337,506,18,ドロップ強化・火,なし,99(250),2537,516.07,,,,,
400,クラーケン,克拉肯,4,攻撃,水,216,864,210,603,0,0,7,ドロップ強化・水,なし,35(150),1467,207,,,,,
401,大洋の悪魔・クラーケン,大洋的惡魔·克拉肯,5,攻撃/悪魔,水,691,2211,543,1629,0,-100,18,ドロップ強化・水,なし,99(250),3740,513.57,,,,,
402,グリフォン,獅鷲,4,攻撃,木,81,208,190,488,164,305,7,ドロップ強化・木,なし,35(150),1001,220.07,,,,,
403,疾風の狩人・グリフォン,疾風的獵人·獅鷲,5,攻撃,木,194,635,513,1539,310,465,18,ドロップ強化・木,なし,99(250),2639,526.3,,,,,
404,ユニコーン,獨角獸,4,攻撃,光,99,297,175,525,176,370,7,ドロップ強化・光,なし,35(150),1192,258.03,,,,,
405,聖女の守護獣・ユニコーン,聖女的守護獸·獨角獸,5,攻撃,光,238,595,473,1419,333,500,18,ドロップ強化・光,なし,99(250),2514,509.97,,,,,
406,ケルベロス,可魯貝洛斯,4,攻撃,闇,191,764,205,615,0,0,7,ドロップ強化・闇,なし,35(150),1379,199.4,,,,,
407,地獄の番犬・ケルベロス,地獄的看門犬·可魯貝洛斯,5,攻撃/悪魔,闇,611,1955,554,1662,0,-100,18,ドロップ強化・闇,なし,99(250),3517,494.57,,,,,
408,究極炎龍・ムスプルヘイム,究極炎龍·穆斯貝爾海姆,7,ドラゴン,火火,495,3018,330,1508,52,142,35,ゴッドマグマブレス,炎の防壁,99(400),4668,650.73,,,,,
409,究極氷龍・ニブルヘイム,究極冰龍·尼福爾海姆,7,ドラゴン,水水,510,3165,322,1422,53,153,35,ゴッドブリザードブレス,氷の防壁,99(400),4740,651.9,,,,,
410,究極島龍・ユグドラシル,究極島龍·尤克特拉希爾,7,ドラゴン,木木,518,3197,319,1407,55,175,35,ゴッドガイアブレス,大樹の防壁,99(400),4779,659.43,,,,,
411,究極機龍・ヴァルハラ,究極機龍·瓦爾哈拉,7,ドラゴン,光光,503,3050,325,1456,54,164,35,ゴッドホーリーブレス,光の防壁,99(400),4670,650.87,,,,,
412,究極邪龍・ヘルヘイム,究極邪龍·赫爾海姆,7,ドラゴン,闇闇,488,3002,333,1422,51,131,35,ゴッドヘルブレス,闇の防壁,99(400),4555,628.27,,,,,
413,蒼炎龍・ムスプルヘイム,蒼炎龍·穆斯貝爾海姆,6,ドラゴン,水,495,3018,330,1508,52,142,25,ゴッドマグマブレス,氷の防壁,99(400),4668,650.73,,,,,
414,ミツキ,美月,3,回復,火,92,276,40,100,79,166,6,なし,なし,15(150),542,102.93,,,,,
415,火の案内人・ミツキ,火之嚮導·美月,4,回復,火,221,729,90,270,149,313,9,ダブル防御態勢・火,大地の恵み,50(150),1312,231.23,,,,,
416,焔尾の天狐・ミツキ,焰尾的天狐·美月,5,回復,火,583,1924,243,729,282,592,15,ダブル防御態勢・火,星の恵み,99(300),3245,535.53,,,,,
417,ルカ,流香,3,回復,水,94,282,39,98,77,162,6,なし,なし,15(150),542,101.8,,,,,
418,水の案内人・ルカ,水之嚮導·流香,4,回復,水,226,746,88,264,146,307,9,ダブル防御態勢・水,大地の恵み,50(150),1317,229.73,,,,,
419,海洋の才女・ルカ,海洋的才女·流香,5,回復,水,597,1970,238,714,276,580,15,ダブル防御態勢・水,星の恵み,99(300),3264,533.13,,,,,
420,カノ,加乃,3,回復,木,93,279,37,93,81,170,6,なし,なし,15(150),542,103.17,,,,,
421,木の案内人・カノ,木之嚮導·加乃,4,回復,木,223,736,84,252,153,321,9,ダブル防御態勢・木,大地の恵み,50(150),1309,231,,,,,
422,森羅の神子・カノ,森羅的神子·加乃,5,回復,木,589,1944,227,681,289,607,15,ダブル防御態勢・木,星の恵み,99(300),3232,532.93,,,,,
423,フウ,楓,3,回復,光,90,270,43,108,73,153,6,なし,なし,15(150),531,99.6,,,,,
424,光の案内人・フウ,光之嚮導·楓,4,回復,光,216,713,97,291,138,290,9,ダブル防御態勢・光,大地の恵み,55(150),1294,226.17,,,,,
425,草原の舞姫・フウ,草原的舞姬·楓,5,回復,光,570,1881,262,786,261,548,15,ダブル防御態勢・光,星の恵み,99(300),3215,527.97,,,,,
426,クロネ,黑喵,3,回復,闇,91,273,41,103,74,155,6,なし,なし,15(150),531,99.57,,,,,
427,闇の案内人・クロネ,暗之嚮導·黑喵,4,回復,闇,218,719,93,279,140,294,9,ダブル防御態勢・闇,大地の恵み,50(150),1292,225.7,,,,,
428,宵闇の猫又・クロネ,黃昏的貓妖·黑喵,5,回復,闇,575,1898,251,753,265,557,15,ダブル防御態勢・闇,星の恵み,99(300),3208,526.07,,,,,
429,クイーンメタルドラゴン,金屬龍王后,5,強化用,闇,400,400,300,300,300,300,1,なし,なし,1,1000,200,,,,,
430,クイーンゴールドドラゴン,黃金龍王后,5,強化用,光,400,400,300,300,300,300,1,なし,なし,1,1000,200,,,,,
431,下仁田ネギ,下仁田蔥,3,回復,木,20,200,40,400,40,400,5,なし,なし,10(150),1000,233.33,,,,,
432,超・下仁田ネギ,超·下仁田蔥,4,進化用,木,400,400,800,800,800,800,10,鉄壁の構え,なし,1,2000,466.67,,,,,
433,下仁田こんにゃく,下仁田蒟蒻,2,体力,水,80,800,10,100,10,100,5,なし,なし,10(150),1000,133.33,,,,,
434,超・下仁田こんにゃく,超·下仁田蒟蒻,3,進化用,水,1600,1600,200,200,200,200,10,ブリザードブレス,なし,1,2000,266.67,,,,,
435,嬬恋キャベツ,嬬戀捲心菜,2,バランス,木,40,400,30,300,30,300,5,なし,なし,10(150),1000,200,,,,,
436,超・嬬恋キャベツ,超·嬬戀捲心菜,3,進化用,木,800,800,600,600,600,600,10,ガイアブレス,なし,1,2000,400,,,,,
437,だるま,達摩,3,攻撃,火,30,300,50,500,20,200,5,マグマブレス,なし,15(150),1000,196.66,,,,,
438,超・だるま,超·達摩,4,攻撃,火,240,600,415,1000,180,400,10,クイックボム,なし,30(150),2000,393.33,,,,,
439,ぐんまけん,群馬縣,5,神,木,480,1488,900,1080,360,432,15,草津の温泉,ぐんまのやぼう,50(400),3000,508.8,,,,,
440,超・ぐんまけん,超·群馬縣,6,神,木,1190,3689,972,1166,389,467,20,草津の温泉,ぐんまのやぼう,99(400),5322,757.77,,,,,
441,火の歴龍・アードベッグ,火之歴龍·雅柏,6,ドラゴン,火,1406,3796,557,1170,119,418,60,ブレイズボール,豊穣の力,99(400),5384,752.93,,,,,
442,水の歴龍・ボウモア,水之歷龍·波摩,6,ドラゴン,水,1421,3837,548,1151,121,425,60,スプラッシュボール,豊穣の力,99(400),5413,755.57,,,,,
443,木の歴龍・ラガヴーリン,木之歷龍·拉加維林,6,ドラゴン,木,1439,3885,539,1132,123,432,60,プラントボール,豊穣の力,99(400),5449,758.9,,,,,
444,光の歴龍・ラフロイグ,光之歷龍·拉弗格,6,ドラゴン,光,1414,3818,530,1113,125,439,60,プラズマボール,豊穣の力,99(400),5370,750.73,,,,,
445,闇の歴龍・カリラ,暗之歷龍·卡爾里拉,6,ドラゴン,闇,1429,3858,566,1189,117,411,60,カースボール,豊穣の力,99(400),5458,760.6,,,,,
446,チョコボ,陸行鳥,3,特別保護,光,99,2148,47,992,83,423,7,チョコアタック,チョコバリア,99(250),3563,554.2,,,,,
447,竜騎士,竜騎士,4,体力,水,351,1580,119,536,35,74,10,ジャンプ,なし,50(150),2190,289.87,,,,,
448,最強装備・竜騎士,最強裝備·竜騎士,5,体力,水,1264,3160,482,1205,67,141,15,ジャンプ,竜の魂,99(300),4506,604,,,,,
449,バーサーカー,狂戰士,4,体力,火,393,1769,129,581,1,2,10,いかりのいちげき,なし,50(150),2352,293.77,,,,,
450,最強装備・バーサーカー,最強裝備·狂戰士,5,体力,火,1415,3538,523,1308,2,4,15,いかりのいちげき,瀕死バーサク,99(300),4850,616.73,,,,,
451,弓使い,弓箭手,4,バランス,木,243,1094,121,545,97,204,10,ためる,なし,50(150),1843,286.4,,,,,
452,最強装備・弓使い,最強裝備·弓箭手,5,バランス,木,875,2188,491,1228,184,386,15,ためる,精神統一,99(300),3802,593.07,,,,,
453,ソルジャー,戰士,4,バランス,光,262,1179,127,572,85,179,10,みやぶる,なし,50(150),1930,291.97,,,,,
454,最強装備・ソルジャー,最強裝備·戰士,5,バランス,光,943,2358,515,1288,161,338,15,みやぶる,応急処置,99(300),3984,606.07,,,,,
455,黒魔道士,黑魔道士,4,攻撃,闇,169,761,148,671,75,158,10,ブリザガ,なし,50(150),1590,262.97,,,,,
456,最強装備・黒魔道士,最強裝備·黑魔道士,5,攻撃,闇,609,1523,604,1510,142,298,15,ブリザガ,属性強化,99(300),3331,553.63,,,,,
457,時魔道士,時魔道士,5,回復,光,259,1166,120,540,168,353,13,スロウ,ヘイスガ,50(400),2059,342.27,,,,,
458,最強装備・時魔道士,最強裝備·時魔道士,6,回復,光,933,2333,486,1215,318,668,19,スロウ,ヘイスガ,99(400),4216,698.97,,,,,
459,シーフ,盜賊,5,バランス,木,280,1260,140,630,122,256,13,みかわし,コインを盗む,50(400),2146,337.33,,,,,
460,最強装備・シーフ,最強裝備·盜賊,6,バランス,木,1008,2520,567,1418,230,483,19,みかわし,コインを盗む,99(400),4421,696.6,,,,,
461,ベヒーモス,貝希摩斯,3,攻撃,火,246,1107,142,639,0,0,7,シールドブレイク,なし,35(150),1746,238.5,,,,,
462,アパンダ,亞潘達,4,攻撃/悪魔,火,886,2215,575,1438,0,0,12,シールドブレイク,カウンター,70(250),3653,509.1,,,,,
463,モルボル,魔界花,3,体力,木,336,1512,66,297,79,166,7,くさい息,なし,35(150),1975,265.93,,,,,
464,モルボルキング,魔界花王,4,体力,木,1210,3025,267,668,149,313,12,くさい息,モルボルソング,70(250),4006,540.43,,,,,
465,トンベリ,冬貝利,3,バランス,水,173,779,107,482,39,82,7,包丁,なし,35(150),1343,201.63,,,,,
466,トンベリキング,冬貝利王,4,バランス,水,623,1558,434,1085,74,155,12,包丁,みんなの恨み,70(250),2798,424.47,,,,,
467,バハムート,巴哈姆特,5,ドラゴン,闇,363,1634,169,761,16,34,40,メガフレア,なし,50(400),2429,326.93,,,,,
468,究極召喚・バハムート,究極召喚·巴哈姆特,6,ドラゴン,闇,1307,3268,685,1713,31,65,50,メガフレア,竜王の誇り,99(400),5046,691.07,,,,,
469,レッドクリスタル,紅水晶,4,進化用,火,100,100,100,100,100,100,1,ダブルドロップ変化・火木,なし,1,300,63.33,,,,,
470,ブルークリスタル,藍水晶,4,進化用,水,100,100,100,100,100,100,1,ダブルドロップ変化・水火,なし,1,300,63.33,,,,,
471,グリーンクリスタル,綠水晶,4,進化用,木,100,100,100,100,100,100,1,ダブルドロップ変化・木水,なし,1,300,63.33,,,,,
472,イエロークリスタル,黃水晶,4,進化用,光,100,100,100,100,100,100,1,ダブルドロップ変化・光闇,なし,1,300,63.33,,,,,
473,パープルクリスタル,紫水晶,4,進化用,闇,100,100,100,100,100,100,1,ダブルドロップ変化・闇光,なし,1,300,63.33,,,,,
474,レインボークリスタル,彩虹水晶,5,進化用,闇,300,300,300,300,300,300,1,恨みの一撃,なし,1,900,63.33,,,,,
475,火炎獄・パイロデーモン,火炎獄·火焰惡魔,4,攻撃/悪魔,火,473,1014,987,1381,148,276,12,ボム,悪魔の軍勢,99(150),2671,469.6,,,,,
476,氷結獄・フロストデーモン,冰結獄·冰霜惡魔,4,攻撃/悪魔,水,480,1036,977,1366,152,284,12,ボム,悪魔の軍勢,99(150),2686,471.46,,,,,
477,樹海獄・タウロスデーモン,樹海獄·牛頭惡魔,4,攻撃/悪魔,木,468,998,985,1378,149,278,12,ボム,悪魔の軍勢,99(150),2654,468.07,,,,,
478,光天獄・ハーピィデーモン,光天獄·哈比惡魔,4,攻撃/悪魔,光,465,988,966,1349,150,280,12,ボム,悪魔の軍勢,99(150),2617,461.93,,,,,
479,闇地獄・ブラッドデーモン,暗地獄·血之惡魔,4,攻撃/悪魔,闇,457,962,988,1382,147,147,12,ボム,悪魔の軍勢,99(150),2491,421.6,,,,,
480,爆炎龍・グランティラノス,爆炎龍·格蘭提拉諾斯,6,ドラゴン,火火,777,2145,457,1214,100,231,15,マグマブレス,爆炎龍の力,99(150),3590,534.3,,,,,
481,氷塊龍・デプスプレシオス,冰塊龍·海淵普萊修斯,6,ドラゴン,水水,798,2195,429,1156,115,264,15,ブリザードブレス,氷塊龍の力,99(150),3615,538.7,,,,,
482,大花龍・ガイアブラキオス,大花龍·蓋亞布拉秋斯,6,ドラゴン,木木,812,2228,418,1131,126,286,15,ガイアブレス,大花龍の力,99(150),3645,544.33,,,,,
483,太陽龍・ソルプテラドス,太陽龍·索爾普提拉多斯,6,ドラゴン,光光,742,2063,437,1173,105,253,15,ホーリーブレス,太陽龍の力,99(150),3489,525.23,,,,,
484,月光龍・ルナデスピナス,月光龍·露娜德斯皮納斯,6,ドラゴン,闇闇,763,2112,449,1197,95,220,15,ヘルブレス,月光龍の力,99(150),3529,523.93,,,,,
485,スーパーキングゴールドネッキー,超級黃金尼奇王,6,強化用,光闇,832,832,832,832,832,832,1,ファミ通Appの大激怒,ファミ通Appの加護,1,2496,526.93,,,,,
486,ギャンブルメイジ,賭博魔術師,4,攻撃,闇,142,625,225,897,95,194,7,シャッフルショット,なし,35(200),1716,306.57,,,,,
487,闇の勝負師・ギャンブルメイジ,暗之勝負師·賭博魔術師,5,攻撃,闇,563,1589,987,1283,148,370,17,シャッフルショット,バーストセブン,99(200),3242,538.83,,,,,
488,クロノタートル,時空龜,4,体力,水,328,1148,40,160,69,152,8,時のぜんまい,なし,35(200),1460,197.47,,,,,
489,時の伝道師・クロノタートル,時之傳道師·時空龜,5,体力,水木,1033,3616,144,852,137,301,18,時のぜんまい,万年亀の甲羅,99(200),4769,632.33,,,,,
490,ホルス,荷魯斯,5,神,火,626,1502,416,832,201,422,20,ドロップ強化・火,炎隼の猛襲,50(400),2756,457.27,,,,,
491,炎隼神・ホルス,炎隼神·荷魯斯,6,神,火,1202,3005,749,1124,380,570,25,ドロップ強化・火,炎隼の猛襲,99(400),4699,715.3,,,,,
492,イシス,伊西斯,5,神,水,633,1519,406,812,213,447,20,クイックヒール,ナイルの恵み,50(400),2778,463.3,,,,,
493,聖海神・イシス,聖海神·伊西斯,6,神,水,1215,3038,731,1097,402,603,25,クイックヒール,ナイルの恵み,99(400),4738,724.2,,,,,
494,バステト,芭絲特,5,神,木,627,1505,410,820,206,433,20,スプレッドキャッツ,キャットコンビネーション,50(400),2758,458.83,,,,,
495,愛猫神・バステト,愛貓神·芭絲特,6,神,木,1204,3010,738,1107,390,585,25,スプレッドキャッツ,キャットコンビネーション,99(400),4702,717.4,,,,,
496,ラー,拉,5,神,光,616,1478,400,800,210,441,20,ソーラーレーザー,太陽の威光,50(400),2719,454.8,,,,,
497,太陽神・ラー,太陽神·拉,6,神,光,1182,2955,720,1080,397,596,25,ソーラーレーザー,太陽の威光,99(400),4631,710.17,,,,,
498,アヌビス,阿努比斯,5,神,闇,614,1474,407,814,207,435,20,暗黒の呪い,冥狼の雄叫び,50(400),2723,455.2,,,,,
499,冥狼神・アヌビス,冥狼神·阿努比斯,6,神,闇,1179,2948,733,1100,392,588,25,暗黒の呪い,冥狼の雄叫び,99(400),4636,710.8,,,,,
500,ケリ姫,克莉公主,4,バランス,光,283,906,142,454,148,311,15,スイーツシュート,我がまま姫の命令,50(300),1671,285.07,,,,,
501,アン・パント・ケットバス,安·潘特·凱特巴斯,5,バランス,光,815,2201,409,1023,280,420,20,スイーツシュート,我がまま姫の愛情,99(300),3644,564.7,,,,,
502,ガウガウ,嘎嗚嘎嗚,4,バランス,火,345,1104,159,509,74,155,15,マグマブレス,なし,35(300),1768,263.87,,,,,
503,草原の主・ガウガウキング,草原之主·嘎嗚嘎嗚王,5,バランス,火,994,2684,458,1145,140,210,20,ゴッドマグマブレス,キングのかみつき,99(300),4039,567.4,,,,,
504,アザラシくん,海豹君,3,バランス,水,183,586,111,355,125,263,5,ブリザードブレス,なし,25(150),1204,217.27,,,,,
505,セイウチさん,海象桑,4,バランス,水,527,1423,320,800,237,356,10,ゴッドブリザードブレス,弾力ボディ,70(150),2579,420.97,,,,,
506,ゼリーエンジェル,果凍天使,3,バランス,木,188,602,134,429,100,210,5,ガイアブレス,なし,25(150),1241,216,,,,,
507,ザ・ゼリーエンジェルズ,三合一果凍天使,4,バランス,木,542,1463,386,965,189,284,10,ゴッドガイアブレス,天使の歌声,70(150),2712,433.97,,,,,
508,バルーンペンペン,氣球企鵝,3,バランス,光,245,784,114,365,75,158,5,ホーリーブレス,なし,25(150),1307,204.07,,,,,
509,カイトペンペン,風箏企鵝,4,バランス,光,706,1906,329,823,142,213,10,ゴッドホーリーブレス,仕返しボム,70(150),2942,426.2,,,,,
510,ギョロリ,眼魔,3,バランス,闇,198,634,124,397,99,208,5,ヘルブレス,なし,25(150),1239,212.13,,,,,
511,デイビルアイ,惡魔之眼,4,バランス,闇,571,1542,357,893,187,281,10,ゴッドヘルブレス,デイビルフィールド,70(150),2716,426.47,,,,,
512,剛腕の巨人・ギガンテス,剛腕的巨人·癸干忒斯,5,体力,火,3000,6133,1101,1363,0,-500,30,攻撃態勢・火,根性,99(400),6996,719.23,,,,,
513,蒼覇王・カイゼルジークフリート,蒼霸王·齊格弗裡德皇,6,体力,水,2111,3919,1156,1309,81,129,30,攻撃態勢・水,ドラゴンブラッド,99(400),5357,696.7,,,,,
514,大英雄・モアクーフーリン,大英雄·莫爾庫胡林,6,バランス,木,1613,2887,1204,1336,255,348,30,攻撃態勢・木,スカアハの祈り,99(400),4571,671.9,,,,,
515,戦乙女・プリンセスヴァルキリー,戰乙女·瓦爾基裡公主,6,回復,光,1593,2308,996,1189,438,556,30,攻撃態勢・光,ヴァルキリーソウル,99(400),4053,653.93,,,,,
516,魔王・ヴァンパイアロード,魔王·吸血鬼領主,5,バランス/悪魔,闇,1616,2796,988,1218,281,463,30,攻撃態勢・闇,暗黒の力,99(400),4477,677.53,,,,,
517,プレゼントBOX（火）,禮物盒（火）,4,強化用,光,300,777,200,500,10,100,5,なし,なし,15(150),1377,211.03,,,,,
518,プレゼントBOX（水）,禮物盒（水）,4,強化用,光,300,777,200,500,10,100,5,なし,なし,15(150),1377,211.03,,,,,
519,プレゼントBOX（木）,禮物盒（木）,4,強化用,光,300,777,200,500,10,100,5,なし,なし,15(150),1377,211.03,,,,,
520,ノエルドラゴン・ルージュ,聖誕龍·嫣紅,5,強化用,火,777,1225,500,918,100,220,13,フレイムギフト,聖夜の祈り・火,50(150),2363,379.43,,,,,
521,ノエルドラゴン・ブルー,聖誕龍·水藍,5,強化用,水,777,1225,500,918,100,220,13,アイシクルギフト,聖夜の祈り・水,50(150),2363,379.43,,,,,
522,ノエルドラゴン・ヴェール,聖誕龍·翠綠,5,強化用,木,777,1225,500,918,100,220,13,プラントギフト,聖夜の祈り・木,50(150),2363,379.43,,,,,
523,アカムギドラ,紅色小麥幼龍,2,強化用,火,52,156,88,176,100,200,3,なし,なし,10(150),532,117.47,,,,,
524,アオムギドラ,藍色小麥幼龍,2,強化用,水,53,159,87,174,103,206,3,なし,なし,10(150),539,119.37,,,,,
525,ミドムギドラ,綠色小麥幼龍,2,強化用,木,55,165,85,170,103,206,3,なし,なし,10(150),541,119.17,,,,,
526,狩人,獵人,4,攻撃,火,220,990,148,666,55,116,10,サイドワインダー,なし,50(150),1772,270.87,,,,,
527,最強装備・狩人,最強裝備·獵人,5,攻撃,火,792,1980,599,1498,104,218,15,サイドワインダー,狩りコンボ,99(300),3696,570.27,,,,,
528,からくり士,機關士,5,回復,水,274,1233,125,563,149,313,13,虹色の磁石,なし,50(400),2109,340.23,,,,,
529,最強装備・からくり士,最強裝備·機關士,6,回復,水,986,2465,507,1268,282,592,19,虹色の磁石,リジェネーター,99(400),4325,697.43,,,,,
530,フェンサー,擊劍手,4,バランス,闇,256,1152,126,567,92,193,10,見切り,なし,50(150),1912,292.93,,,,,
531,最強装備・フェンサー,最強裝備·擊劍手,5,バランス,闇,922,2305,510,1275,174,365,15,見切り,突貫コンボ,99(300),3945,607.17,,,,,
532,狩人【サンタ】,獵人【聖誕版】,4,攻撃,火光,220,990,148,666,55,116,20,サイドワインダー,狩りコンボ,50(150),1772,270.87,,,,,
533,最強装備・狩人【サンタ】,最強裝備·獵人【聖誕版】,5,攻撃,火光,792,1980,599,1398,104,218,25,サイドワインダー,狩りコンボ,99(300),3596,550.27,,,,,
534,からくり士【サンタ】,機關士【聖誕版】,5,回復,水光,274,1233,125,563,149,313,25,虹色の磁石,リジェネーター,50(400),2109,340.23,,,,,
535,最強装備・からくり士【サンタ】,最強裝備·機關士【聖誕版】,6,回復,水光,986,2465,507,1168,282,592,30,虹色の磁石,リジェネーター,99(400),4225,677.43,,,,,
536,フェンサー【サンタ】,擊劍手【聖誕版】,4,バランス,闇光,256,1152,126,567,92,193,20,見切り,突貫コンボ,50(150),1912,292.93,,,,,
537,最強装備・フェンサー【サンタ】,最強裝備·擊劍手【聖誕版】,5,バランス,闇光,922,2305,510,1175,174,365,25,見切り,突貫コンボ,99(300),3845,587.17,,,,,
538,アレクサンター,亞力聖誕,5,体力,光,525,1680,284,596,79,150,40,聖夜の審判,なし,50(400),2426,337.2,,,,,
539,究極召喚・アレクサンター,究極召喚·亞力聖誕,6,体力,光,1512,3082,536,1126,135,257,50,聖夜の審判,鎧の城,99(400),4465,619.07,,,,,
540,風林火山龍・シンゲン,風林火山龍·信玄,6,ドラゴン/体力,火,1805,4513,690,1449,62,205,50,火焔の息吹,風林火山の龍紋,99(400),6167,809.43,,,,,
541,毘沙門龍・ケンシン,毘沙門龍·謙信,6,ドラゴン/攻撃,水,1791,4478,697,1464,65,215,50,氷雪の息吹,毘沙門の龍紋,99(400),6157,812.26,,,,,
542,独眼竜・マサムネ,獨眼龍·政宗,6,ドラゴン/攻撃,木,1788,4513,687,1449,68,205,50,大地の息吹,独眼の竜紋,99(400),6167,809.43,,,,,
543,太閤龍・ヒデヨシ,太閤龍·秀吉,6,ドラゴン/体力,光,1773,4433,685,1439,70,231,50,雷雲の息吹,太閤の龍紋,99(400),6103,808.1,,,,,
544,第六天魔龍・ノブナガ,第六天魔龍·信長,6,ドラゴン/攻撃,闇,1816,4540,716,1504,56,185,50,魔障の息吹,第六天魔の龍紋,99(400),6229,816.46,,,,,
545,火の下忍,火之下忍,2,攻撃,火,24,62,252,630,65,137,3,影抜きの術,なし,15(100),829,177.86,,,,,
546,火の中忍,火之中忍,3,攻撃,火,50,115,567,1191,123,185,7,影抜きの術,忍び足,50(100),1491,311.36,,,,,
547,水の下忍,水之下忍,2,攻撃,水,27,70,250,652,66,139,3,影抜きの術,なし,15(100),861,183.73,,,,,
548,水の中忍,水之中忍,3,攻撃,水,56,129,563,1182,125,188,7,影抜きの術,忍び足,50(100),1499,311.96,,,,,
549,木の下忍,木之下忍,2,攻撃,木,25,65,251,628,67,141,3,影抜きの術,なし,15(100),834,179.1,,,,,
550,木の中忍,木之中忍,3,攻撃,木,52,120,565,1187,127,191,7,影抜きの術,忍び足,50(100),1498,313.06,,,,,
551,光の下忍,光之下忍,2,攻撃,光,22,57,251,628,68,143,3,影抜きの術,なし,15(100),828,178.96,,,,,
552,光の中忍,光之中忍,3,攻撃,光,46,106,565,1187,129,194,7,影抜きの術,忍び足,50(100),1487,312.66,,,,,
553,闇の下忍,暗之下忍,2,攻撃,闇,24,62,253,633,62,130,3,影抜きの術,なし,15(100),825,176.13,,,,,
554,闇の中忍,暗之中忍,3,攻撃,闇,50,115,570,1197,117,176,7,影抜きの術,忍び足,50(100),1488,309.56,,,,,
555,望月千代女,望月千代女,5,バランス,火,293,1319,145,595,109,207,12,暁光変化の術・火,巫女舞の心得,50(150),2121,319.9,,,,,
556,紅焔の巫女・望月千代女,紅焰巫女·望月千代女,6,バランス,火,1055,2638,536,1340,186,353,17,暁光変化の術・火,巫女舞の極意,99(400),4331,649.47,,,,,
557,初芽局,初芽局,5,回復,水,252,1109,109,491,209,397,12,暗黒変化の術・水,心練法の心得,50(150),1997,341.43,,,,,
558,蒼扇の夜叉・初芽局,蒼扇夜叉·初芽局,6,回復,水,887,2129,442,1105,357,678,17,暗黒変化の術・水,心練法の極意,99(400),3912,659.9,,,,,
559,猿飛佐助,猿飛佐助,5,攻撃,木,333,999,200,640,55,116,12,流水変化の術・木,練武の心得,50(150),1755,266.57,,,,,
560,旋風の神童・猿飛佐助,旋風神童·猿飛佐助,6,攻撃,木,799,2397,576,1786,104,156,17,流水変化の術・木,練武の極意,99(400),4339,648.9,,,,,
561,風魔小太郎,風魔小太郎,5,体力,光,519,1557,147,470,14,29,12,風雷変化の術・光,体練法の心得,50(150),2056,259.37,,,,,
562,雷角の頭領・風魔小太郎,雷角頭領·風魔小太郎,6,体力,光,1246,3738,423,1311,26,39,17,風雷変化の術・光,体練法の極意,99(400),5088,649,,,,,
563,服部半蔵,服部半藏,5,攻撃,闇,193,579,196,627,169,355,12,業炎変化の術・闇,八門の心得,50(150),1561,301.63,,,,,
564,朧夜の闇忍・服部半蔵,朧夜暗忍·服部半藏,6,攻撃,闇,463,1389,564,1748,320,480,17,業炎変化の術・闇,八門の極意,99(400),3617,648.5,,,,,
565,石川五右衛門,石川五右衛門,6,体力,火,1225,2573,666,932,67,127,25,天上大花火の術,天地の見得,50(400),3632,485.73,,,,,
566,天下の大泥棒・石川五右衛門,天下大盜·石川五右衛門,7,体力,火,2058,4528,839,1259,114,217,45,天上大花火の術,天地の見得,99(400),6004,776.93,,,,,
567,アレス,阿雷斯,5,神,火,398,876,720,1440,0,0,20,ダブル攻撃態勢・火,爆炎の力,50(400),2316,375.6,,,,,
568,戦軍神・アレス,戰軍神·阿雷斯,6,神,火,701,1612,1296,1944,0,0,25,ダブル攻撃態勢・火,戦軍神の祝福,99(400),3556,550,,,,,
569,ヘルメス,赫耳墨斯,5,神,水,420,924,518,1036,56,101,20,ダブル攻撃態勢・水,激流の力,50(400),2061,333.27,,,,,
570,商業神・ヘルメス,商業神·赫耳墨斯,6,神,水,739,1774,932,1398,91,164,25,ダブル攻撃態勢・水,商業神の祝福,99(400),3336,511.67,,,,,
571,アルテミス,阿提米斯,5,神,木,412,906,524,1048,59,106,20,ダブル攻撃態勢・木,大地の力,50(400),2060,335.53,,,,,
572,狩猟神・アルテミス,狩獵神·阿提米斯,6,神,木,725,1740,943,1415,95,171,25,ダブル攻撃態勢・木,狩猟神の祝福,99(400),3326,514,,,,,
573,アポロン,阿波羅,5,神,光,579,1390,501,1002,143,257,20,ダブル攻撃態勢・光,光の魂,50(400),2649,425.07,,,,,
574,光明神・アポロン,光明神·阿波羅,6,神,光,1112,2558,902,1353,231,416,25,ダブル攻撃態勢・光,閃光の魂,99(400),4327,665.07,,,,,
575,ペルセポネ,普西芬妮,5,神,闇,666,1598,444,799,210,378,20,ダブル攻撃態勢・闇,闇の魂,50(400),2775,445.6,,,,,
576,冥府神・ペルセポネ,冥府神·普西芬妮,6,神,闇,1278,2939,719,1007,340,510,25,ダブル攻撃態勢・闇,暗黒の魂,99(400),4456,665.3,,,,,
577,キンムギドラ,金色小麥幼龍,2,強化用,光,51,153,87,174,102,204,3,なし,なし,10(150),531,118.1,,,,,
578,クロムギドラ,黑色小麥幼龍,2,強化用,闇,52,156,86,172,102,204,3,なし,なし,10(150),532,118,,,,,
579,ウィルオーウィスプ,鬼火,1,攻撃,火,58,151,126,315,20,42,2,なし,なし,15(150),508,92.1,,,,,
580,焔の霊魂・ウィルオーウィスプ,焰之靈魂·鬼火,2,攻撃,火,121,278,284,596,38,57,5,フレイムストライク,炎の誓い,50(150),931,166,,,,,
581,ケルピー,凱爾比,1,バランス,水,66,205,5,188,41,86,2,なし,なし,15(150),479,86.77,,,,,
582,湖の幻馬・ケルピー,湖之幻馬·凱爾比,2,バランス,水,164,508,169,355,77,116,5,フリーズストライク,水の誓い,50(150),979,160.47,,,,,
583,トレント,樹人,1,体力,木,104,364,13,33,62,130,2,なし,なし,15(150),527,86.33,,,,,
584,森の賢人・トレント,森之賢者·樹人,2,体力,木,291,902,38,63,117,176,5,ロックストライク,風の誓い,50(150),1141,161.47,,,,,
585,ピクシー,皮克西,1,回復,光,30,,36,,112,,2,なし,なし,15(150),0,0,,,,,
586,光の妖精・ピクシー,光之妖精·皮克西,2,回復,光,74,,81,,212,,5,サンダーストライク,光の誓い,50(150),0,0,,,,,
587,ワーウルフ,狼男,1,攻撃,闇,39,,136,,9,,2,なし,なし,15(150),0,0,,,,,
588,月夜の魔人・ワーウルフ,月夜的魔人·狼男,2,攻撃,闇,97,,306,,17,,5,ダークストライク,闇の誓い,50(150),0,0,,,,,
589,キングセブンドラゴン, 7龍王,5,強化用,火,777,777,777,777,77,77,1,なし,なし,1,1631,258.77,,,,,
590,キングイレブンドラゴン,11龍王,5,強化用,木,1111,1111,1111,1111,11,11,1,なし,なし,1,2233,336.97,,,,,
591,モーグリ＆カーバンクル,莫古裡＆寶石兔,4,回復,光,134,335,58,145,88,202,10,いやしの踊り,なし,35(150),682,129.83,,,,,
592,究極召喚・モーグリ＆カーバンクル,究極召喚·莫古裡＆寶石兔,5,回復,光光,268,937,131,576,182,510,15,いやしの踊り,クリスタルの光,70(150),2023,378.9,,,,,
593,エンジェリング,天使波利,5,強化用,火,977,977,623,623,405,405,12,バーストボム,なし,1,2005,357.3,,,,,
594,アークエンジェリング,聖天使波利,5,強化用,水,966,966,627,627,406,403,12,クイックヒール,なし,1,1996,356.33,,,,,
595,デビルリング,惡魔波利,5,強化用,闇,954,954,630,630,401,401,12,スプレッドキャッツ,なし,1,1985,355.07,,,,,
596,ヘラ・イース,赫拉·伊蘇,6,神,水,1029,2161,910,1183,119,238,40,ギガグラビティ,漆黒の力,50(500),3582,532.03,,,,,
597,覚醒ヘラ・イース,覺醒赫拉·伊蘇,7,神/悪魔,水闇,1729,3504,1065,1234,214,428,60,ギガグラビティ,漆黒の力,99(500),5166,739.86,,,,,
598,ヘラ・ウルズ,赫拉・兀兒德,6,神,火,929,1951,930,1209,34,68,40,魔炎妃のくちづけ,魔炎妃の抱擁,50(500),3228,459.57,,,,,
599,覚醒ヘラ・ウルズ,覺醒赫拉・兀兒德,7,神/悪魔,火闇,1561,3444,1088,1578,61,122,60,魔炎妃のくちづけ,魔炎妃の抱擁,99(500),5144,700.67,,,,,
600,ピカペンドラ,閃光企鵝幼龍,2,強化用,光,85,255,89,178,69,128,4,なし,なし,10(100),561,103.77,,,,,
601,トパペンドラ,黃玉企鵝龍,3,強化用,光,383,383,267,267,192,192,5,なし,なし,1,842,155.7,,,,,
602,ヤミペンドラ,黑暗企鵝幼龍,2,強化用,闇,85,255,89,178,64,128,4,なし,なし,10(100),561,103.77,,,,,
603,アメペンドラ,紫晶企鵝龍,3,強化用,闇,383,383,267,267,192,192,5,なし,なし,1,842,155.7,,,,,
604,メカドン,機械咚,3,進化用,火,555,555,555,555,0,0,1,ソーラーレーザー,太鼓の達人！,1,1110,166.5,,,,,
605,太鼓の達人！どんちゃん,太鼓達人！咚鏘,4,回復,光,979,1762,212,382,360,504,15,ドドンがドン！,太鼓の達人！,70(200),2648,420.6,,,,,
606,太鼓神どんちゃん,太鼓神咚鏘,5,回復/神,光火,1410,3102,344,688,454,636,30,ドドンがドン！,ゴーゴーダンス,99(400),4426,659.8,,,,,
607,あついさん,小熱,3,攻撃,火,195,624,157,502,61,128,5,なし,なし,25(150),1254,205.47,,,,,
608,メラリ！ あついさん,メラリ！ 小熱,4,攻撃,火,499,1377,452,1135,115,173,10,爆炎の結界,メラメラあたっく,70(150),2685,422.37,,,,,
609,ホワイトさん,小白,3,回復,水,194,621,98,314,151,317,5,なし,なし,25(150),1252,230.57,,,,,
610,うっとり～ん ホワイトさん,うっとり～ん 小白,4,回復,水,497,1342,283,708,285,428,10,激流の結界,うっとり～んあたっく,70(150),2478,418.47,,,,,
611,カピバラさん,水豚君,4,体力,木,368,1178,95,304,77,162,10,なし,なし,35(150),1644,232.6,,,,,
612,のぼ～ん カピバラさん,のぼ～ん 水豚君,5,体力,木水,942,2543,274,688,146,223,15,大地の結界,のぼ～んあたっく,99(300),3454,466.23,,,,,
613,ひだまりさん,暖陽君,3,バランス,光,275,880,101,323,87,183,5,なし,なし,25(150),1386,213.6,,,,,
614,ふらわ～ん ひだまりさん,ふられ～ん 暖陽君,4,バランス,光木,704,1901,291,728,165,248,10,閃光の結界,ふらわ～んあたっく,70(150),2877,418.37,,,,,
615,リーゼントくん,雷金特君,3,バランス,闇,241,771,131,419,66,139,5,なし,なし,25(150),1329,207.23,,,,,
616,ブンブン リーゼントくん,ブンブン 雷金特君,4,バランス,闇,617,1666,377,943,125,188,10,暗黒の結界,ブンブンあたっく,70(150),2797,417.87,,,,,
617,超キングルビードラゴン,超級紅寶石龍王,6,強化用,火,1000,1000,500,500,100,100,1,なし,なし,1,1600,233.33,,,,,
618,超キングサファイアドラゴン,超級藍寶石龍王,6,強化用,水,1000,1000,500,500,100,100,1,なし,なし,1,1600,233.33,,,,,
619,超キングエメラルドドラゴン,超級綠寶石龍王,6,強化用,木,1000,1000,500,500,100,100,1,なし,なし,1,1600,233.33,,,,,
620,大天使・ウリエル,大天使·烏列爾,5,神,火光,509,1222,356,712,214,449,25,聖炎の奇跡,炎の誓い,50(400),2383,414.27,,,,,
621,神炎の熾天使・ウリエル,神炎的熾天使·烏列爾,6,神,火光,978,2445,641,1112,404,606,30,聖炎の奇跡,炎の神託,99(400),4163,668.9,,,,,
622,大天使・ガブリエル,大天使·加百列,5,神,水光,508,1219,359,718,213,447,25,聖氷の奇跡,水の誓い,50(400),2384,414.5,,,,,
623,神託の大天使・ガブリエル,神諭的大天使·加百列,6,神,水光,975,2438,646,1119,402,603,30,聖氷の奇跡,水の神託,99(400),4160,668.6,,,,,
624,大天使・ミカエル,大天使·米迦勒,5,神,木光,504,1210,359,718,215,452,25,聖樹の奇跡,風の誓い,50(400),2380,415.27,,,,,
625,護法の大天使・ミカエル,護法大天使·米迦勒,6,神,木光,968,2420,646,1119,407,611,30,聖樹の奇跡,風の神託,99(400),4150,669.47,,,,,
626,大天使・ラファエル,大天使·拉斐爾,5,神,光光,546,1310,362,724,192,403,25,神癒の奇跡,光の誓い,50(400),2437,410.13,,,,,
627,神癒の大天使・ラファエル,神癒的大天使·拉斐爾,6,神,光光,1048,2620,652,1128,363,545,30,神癒の奇跡,光の神託,99(400),4293,669.27,,,,,
628,大天使・ルシファー,大天使·路西法,5,神,闇光,506,1214,391,782,195,410,25,明けの明星,闇の誓い,50(400),2406,414.47,,,,,
629,黎明の熾天使・ルシファー,黎明的熾天使·路西法,6,神,闇光,971,2438,704,1206,369,554,30,明けの明星,闇の神託,99(400),4198,669.67,,,,,
630,魔神・ベリアル,魔神・彼列,5,悪魔,火闇,571,1370,502,1004,115,242,25,炎の呪い,悪魔の力,50(400),2616,418.47,,,,,
631,邪炎の魔神将・ベリアル,邪炎之魔神將・彼列,6,悪魔,火闇,1096,2740,904,1456,218,327,30,炎の呪い,魔神の力,99(400),4523,674.2,,,,,
632,魔神・アモン,魔神・亞蒙,5,悪魔,水闇,541,1298,468,936,149,313,25,氷の呪い,悪魔の魂,50(400),2547,421.33,,,,,
633,義侠の魔神将・アモン,義俠之魔神將・亞蒙,6,悪魔,水闇,1038,2595,842,1363,282,423,30,氷の呪い,魔神の魂,99(400),4381,673.1,,,,,
634,魔神・アスタロト,魔神・阿斯她錄,5,悪魔,木闇,521,1250,400,800,199,418,25,樹の呪い,悪魔の加護,50(400),2468,424.33,,,,,
635,予見の魔神将・アスタロト,預見之魔神將・阿斯她錄,6,悪魔,木闇,1000,2500,720,1180,376,564,30,樹の呪い,魔神の加護,99(400),4244,674,,,,,
636,魔神・バアル,魔神・巴力,5,悪魔,光闇,561,1346,491,982,127,267,25,雷の呪い,神速の攻勢,50(400),2595,420,,,,,
637,閃剣の魔神将・バアル,閃劍的魔神將·巴力,6,悪魔,光闇,1077,2693,884,1326,240,360,30,雷の呪い,神速の攻勢,99(400),4379,654.5,,,,,
638,堕天使・ルシファー,墮天使·路西法,5,悪魔,闇闇,506,1214,419,838,195,410,25,イビルノヴァ,悪魔の魂,50(400),2462,425.67,,,,,
639,逆心の神魔王・ルシファー,逆心的神魔王·路西法,6,悪魔,闇闇,971,2428,754,1206,369,554,30,イビルノヴァ,聖魔の魂,99(400),4188,668.67,,,,,
640,代行者・メタトロン,代行者・米達倫,5,神/回復,光,511,1226,294,647,153,383,30,クイックキュアー,代行者の聖戦,50(500),2256,379.67,,,,,
641,神輝の代行者・メタトロン,神輝的代行者・米達倫,6,神/回復,光,981,2354,582,1280,346,863,50,クイックキュアー,代行者の聖戦,99(500),4497,779.07,,,,,
642,執行者・メタトロン,執行者・米達倫,6,神/攻撃,闇,701,1682,432,950,59,148,40,神魔の息吹,執行者の猛勢,50(500),2780,407.53,,,,,
643,神魔の執行者・メタトロン,神魔的執行者・米達倫,7,神/攻撃,闇光,1346,3230,855,1881,133,333,60,神魔の息吹,執行者の猛勢,99(500),5444,810.2,,,,,
644,,,,,,,,,,,,,,,,0,0,,,,,
645,,,,,,,,,,,,,,,,0,0,,,,,
646,大魔王・サタン,大魔王·撒旦,6,悪魔,闇,696,1670,389,778,-9999,-9999,40,ワールドエンド,悪魔王の彗眼,50(500),-7751,-3010.4,,,,,
647,災禍の魔神王・サタン,災禍的魔王神·撒旦,7,悪魔,闇水,1336,6666,710,1111,-9999,-9999,60,ワールドエンド,悪魔王の彗眼,99(500),-2222,-2444.2,,,,,
648,,,,,,,,,,,,,,,,0,0,,,,,
649,,,,,,,,,,,,,,,,0,0,,,,,
650,ゼウス・ディオス,宙斯·迪奧斯,6,神,木,710,1491,899,1169,129,200,45,ジュピタージェネシス,パワー・オブ・ディオス,50(500),2860,449.57,,,,,
651,覚醒ゼウス・ディオス,覺醒宙斯·迪奧斯,7,神/バランス,木光,1310,2882,1052,1368,232,464,60,ジュピタージェネシス,パワー・オブ・ディオス,99(500),4714,716.47,,,,,
652,焔剣の勝利神・フレイ,焰劍的勝利神·弗雷,7,神/攻撃,火火,1010,2525,868,1402,291,437,35,フレイムエンハンス,勝利の剣の導き,99(400),4364,678.57,,,,,
653,蒼穹の双星神・イズン＆イズーナ,蒼穹的雙星神·伊登＆伊茲娜,7,神/バランス,水水,966,2455,821,1252,346,529,35,ウォーターエンハンス,黄金林檎の祝福,99(400),4236,672.23,,,,,
654,緑聖の豊麗神・フレイヤ,綠聖的豐麗神·芙蕾雅,7,神/回復,木木,974,2435,810,1215,340,560,35,アースエンハンス,ブリージンガメンの加護,99(400),4210,673.17,,,,,
655,雷槌の金剛神・トール,雷槌的金剛神·托爾,7,神/体力,光光,1125,3013,900,1350,189,284,35,サンダーエンハンス,メギンギョルズの恩恵,99(400),4647,665.97,,,,,
656,終焉の狡知神・ロキ,終末的狡詐神·洛基,7,神/悪魔,闇闇,987,2528,841,1292,318,477,35,ダークエンハンス,トリックスターの策謀,99(400),4297,670.2,,,,,
657,天頂の雷霆龍・インドラ,天頂之雷霆龍·因陀羅,7,神/ドラゴン,光光,1643,3450,911,1467,146,219,40,英龍の守り,雷龍神の祝福,99(400),5136,711.4,,,,,
658,深潭の暗黒龍・ヴリトラ,深潭之暗黑龍·弗栗多,7,神/ドラゴン,闇闇,1746,3667,883,1425,74,111,40,恨みの一撃,黒龍神の激昂,99(400),5203,688.7,,,,,
659,パズドロイド,迷城機器人,4,体力,木,36,360,36,360,36,36,10,なし,メタリックボディ,35(150),756,120,,,,,
660,ドロイドラゴン,機器人智龍,5,体力/ドラゴン,木,360,3060,360,360,36,360,15,ドロイドダンス,メタリックボディ,99(300),3780,498,,,,,
661,カオスブリザードドラゴン,混沌暴雪龍,5,ドラゴン/悪魔,水,1176,3040,940,1316,86,172,15,カースボール,氷の防壁,99(400),4528,624.53,,,,,
662,キャシー・クレイジー,凱西·瘋狂,3,攻撃,闇,188,602,134,429,100,210,5,なし,なし,25(150),1241,216,,,,,
663,ロマンティック★キャシー,浪漫★凱西,4,攻撃,闇,542,1463,386,965,189,284,10,暗黒の呪い,逆ギレ,70(150),2712,433.97,,,,,
664,鵜飼孫六,鵜飼孫六,3,バランス,水,198,634,124,397,99,208,5,なし,なし,25(150),1239,212.13,,,,,
665,蒼翼忍者・鵜飼孫六,蒼翼忍者·鵜飼孫六,4,バランス,水,571,1542,357,893,187,281,10,氷の呪い,分身の術,70(150),2716,426.47,,,,,
666,ECO・タイニー・アルマ,ECO·泰迪·阿魯瑪,5,バランス,光,1184,2605,642,963,294,382,18,チェンジ・ザ・ワールド,タイニーエール,99(300),3950,580.43,,,,,
667,ECO・ダンプティー,ECO·德普提,4,バランス,闇,629,1384,385,809,99,149,12,ダークエンハンス,ダンプティーエール,70(150),2342,349.87,,,,,
668,ECO・ダンプティー・アルマ,ECO·德普提·阿魯瑪,5,バランス,闇,1107,2435,728,1165,134,201,18,ダークエンハンス,ダンプティーエール,99(300),3801,543.5,,,,,
669,亡国のアポロ,亡國的阿波羅,4,バランス,火,689,1516,435,914,139,209,15,オリンポスの炎,オリンポス戦闘術,50(400),2639,404.07,,,,,
670,灼炎のアポロ,灼炎的阿波羅,5,バランス,火,1213,2469,823,1187,188,282,20,オリンポスの炎,サンシャイン・バースト,99(400),3938,578.3,,,,,
671,聖龍王サイガ,聖龍王賽加,5,ドラゴン,木,704,1549,462,970,107,161,40,神羅万象,七天伐刀,50(400),2680,402.57,,,,,
672,光龍王サイガ,光龍王賽加,6,ドラゴン,木光,1239,2726,873,1197,145,218,50,神羅万象,双龍伐刀剣,99(400),4141,584.67,,,,,
673,バンチャック,邦嘉,3,攻撃,光,325,715,511,1073,35,53,5,なし,なし,25(100),1841,303.77,,,,,
674,KOBレオンハート,KOB萊因哈特,4,攻撃,光,572,1058,966,1346,48,72,10,雷の呪い,ロイヤル・ストレート・Ｆ,70(150),2476,399,,,,,
675,コボックル,小布庫魯,3,体力,闇,805,1771,215,452,25,38,5,なし,なし,25(100),2261,280.17,,,,,
676,ボックル,布庫魯,4,体力,闇,1417,3117,407,651,34,51,10,防御態勢・闇,友好の握手,70(150),3819,458.9,,,,,
677,カグヤ,香具耶,3,回復,木,285,627,289,607,275,386,5,なし,なし,25(100),1620,312.77,,,,,
678,狂華咲乱 花媛香具耶,狂華咲亂 花媛香具耶,4,回復,木,502,1104,546,874,347,521,10,樹の呪い,毒霧散布,70(150),2499,458.87,,,,,
679,ウエハーマン,威化人,4,進化用,光,105,105,105,105,105,105,1,ダブルドロップ変化・光闇,なし,1,315,66.5,,,,,
680,聖龍石,聖龍石,5,進化用,闇,10,10,10,10,10,10,1,第三の目,なし,1,30,6.33,,,,,
681,マネキニャドラ,招財貓龍,3,強化用,光,3880,3880,1,1,1,1,1,なし,なし,1,3882,388.53,,,,,
682,ヘビーメタルドラゴン,重金屬龍,6,ドラゴン,闇,550,1155,999,1299,-250,-250,50,グラビティブレス,龍の逆鱗,50(500),2204,291.97,,,,,
683,龍王・ゼローグ,龍王·賽羅古,7,ドラゴン,闇,924,2033,1169,1520,-250,-250,100,グラビティブレス,龍の逆鱗,99(500),3303,423.97,,,,,
684,キングホノりん,炎之波利王,3,攻撃,火,384,1037,291,757,45,122,7,攻撃エンハンス,なし,50(150),1916,295.77,,,,,
685,キングアワりん,泡沫波利王,3,体力,水,414,1283,266,612,50,135,7,体力エンハンス,なし,50(150),2030,295.7,,,,,
686,キングモリりん,森之波利王,3,バランス,木,402,1085,280,644,59,159,7,バランスエンハンス,なし,50(150),1888,290.3,,,,,
687,キングヒカりん,閃光波利王,3,回復,光,390,1053,274,630,54,194,7,回復エンハンス,なし,50(150),1877,295.97,,,,,
688,キングワルりん,惡之波利王,3,悪魔,闇,402,1166,287,746,41,90,7,悪魔エンハンス,なし,50(150),2002,295.8,,,,,
689,荒武者・レッドゴブリン,荒武者·紅色哥布林,3,攻撃,火,491,1562,463,1158,32,38,10,攻撃態勢・火,突撃陣形,70(150),2758,400.47,,,,,
690,突撃兵・マリンゴブリン,突擊兵·海洋哥布林,3,攻撃,水,500,1600,461,1153,27,32,10,防御態勢・水,回復陣形,70(150),2785,401.27,,,,,
691,重戦士・ホブゴブリン,重戰士・淘氣哥布林,3,攻撃,木,496,1683,468,1170,23,28,10,ドロップリフレッシュ,防御陣形,70(150),2881,411.63,,,,,
692,破龍皇帝・グランドジークフリート,破龍皇帝·齊格弗裡德大公,7,体力,水火,2111,4119,1156,1309,81,129,35,攻撃態勢・水,ブラッディカイザー,99(400),5557,716.7,,,,,
693,王狼英雄・ノーブルクーフーリン,王狼英雄·貴族庫胡林,7,バランス,木闇,1613,2987,1204,1386,255,378,35,攻撃態勢・木,スカアハの導き,99(400),4751,701.9,,,,,
694,薔薇戦姫・グレイスヴァルキリー,薔薇戰姬·女爵瓦爾基裡,7,回復,光木,1593,2308,996,1189,438,656,35,攻撃態勢・光,ヴァルキリーブレイヴァー,99(400),4153,687.27,,,,,
695,アスカ＆エヴァ2号機,明日香＆EVA2號機,4,攻撃,火,145,653,169,761,101,212,10,あんたバカぁ？,制式仕様,50(150),1626,288.17,,,,,
696,アスカ＆エヴァ改2号機,明日香＆EVA改2號機,5,攻撃,火,522,1305,685,1713,191,401,15,あんたバカぁ？,制式仕様,99(300),3419,606.77,,,,,
697,シンジ＆エヴァ初号機,真嗣＆EVA初號機,4,攻撃,水,222,999,165,743,55,116,10,逃げちゃダメだ,NERV仕様,50(150),1858,287.17,,,,,
698,シンジ＆エヴァ初号機・覚醒,真嗣＆EVA初號機・覺醒,5,攻撃,水,799,1998,669,1673,104,218,15,逃げちゃダメだ,NERV仕様,99(300),3889,607.07,,,,,
699,マリ＆エヴァ仮設5号機,真理＆EVA暫設5號機,4,攻撃,木,237,1067,168,756,41,86,10,合点承知！,局地仕様,50(150),1909,286.57,,,,,
700,マリ＆エヴァ8号機,真理＆EVA8號機,5,攻撃,木,854,2135,680,1700,77,162,15,合点承知！,ヴィレカスタム,99(300),3997,607.5,,,,,
701,レイ＆エヴァ零号機,麗＆EVA零號機,4,攻撃,光,204,918,152,684,87,183,10,私が守るもの,改装仕様,50(150),1785,289.6,,,,,
702,レイ＆エヴァ零号機・特攻,麗＆EVA零號機・特攻,5,攻撃,光,734,1835,616,1540,165,347,15,私が守るもの,改装仕様,99(300),3722,607.17,,,,,
703,カヲル＆Mark.06・建造中,薰＆Mark.06・建造中,4,攻撃,闇,210,945,163,734,66,139,10,さあ、約束の時だ,ゼーレの秘蹟,50(150),1818,287.63,,,,,
704,カヲル＆Mark.06,薰＆Mark.06,5,攻撃,闇,75,1890,661,1653,125,263,15,さあ、約束の時だ,ゼーレの秘蹟,99(300),3806,607.27,,,,,
705,シンジ＆カヲル＆第13号機,真嗣＆薰＆第13號機,5,攻撃,水闇,241,1085,189,851,61,116,25,時が満ちた…,ダブルエントリーシステム,50(400),2052,317.37,,,,,
706,シンジ＆カヲル＆第13号機・覚醒,真嗣＆薰＆第13號機・覺醒,6,攻撃,水闇,868,2170,766,1915,164,198,30,時が満ちた…,ダブルエントリーシステム,99(400),4283,666,,,,,
707,第5の使徒,第5使徒,3,神/攻撃,火,189,891,84,378,55,116,10,なし,A.T.フィールド,25(150),1385,203.37,,,,,
708,第5の使徒・戦闘形態,第5使徒・戰鬥形態,4,神/攻撃,火,713,1783,340,850,104,218,15,クイックヒール,A.T.フィールド,70(300),2851,420.97,,,,,
709,第6の使徒,第6使徒,3,神/攻撃,光,141,635,110,495,54,113,10,なし,A.T.フィールド,25(150),1243,200.17,,,,,
710,第6の使徒・戦闘形態,第6使徒・戰鬥形態,4,神/攻撃,光,508,1270,446,1115,102,214,15,イビルノヴァ,A.T.フィールド,70(300),2599,421.33,,,,,
711,第10の使徒,第10使徒,5,神/攻撃,闇,330,1485,111,500,47,99,20,最大の拒絶,多層A.T.フィールド,50(150),2084,281.5,,,,,
712,第10の使徒・戦闘形態,第10使徒・戰鬥形態,6,神/攻撃,闇,1188,2970,450,1125,89,187,25,最大の拒絶,多層A.T.フィールド,99(300),4282,584.33,,,,,
713,第4の使徒,第4使徒,3,神/攻撃,闇,243,1094,36,162,97,204,10,なし,A.T.フィールド,25(150),1460,209.8,,,,,
714,第4の使徒・戦闘形態,第4使徒・戰鬥形態,4,神/攻撃,闇,875,2188,146,365,184,386,15,グングニール,A.T.フィールド,70(300),2939,420.47,,,,,
717,ねねこ,祢祢子,2,バランス,水,102,582,58,316,24,165,5,暗黒変化の術・水,なし,30(150),1063,176.4,,,,,
718,はまひめ,濱姫,2,悪魔,闇,88,473,71,358,27,172,5,業炎変化の術・闇,なし,30(150),1003,176.23,,,,,
719,,,,,,,,,,,,,,,,0,0,,,,,
720,CoC・バーバリアン,CoC・野蠻人,3,体力,光,280,1260,86,387,1,2,5,なし,光の力,25(150),1649,204.07,,,,,
721,CoC・レイジバーバリアン,CoC・狂暴野蠻人,4,体力,光,1008,2520,348,870,2,4,10,サンダーエンハンス,光の力,70(300),3394,427.33,,,,,
722,CoC・アーチャー,CoC・弓箭手,3,バランス,火,212,954,81,365,54,113,5,なし,火の力,25(150),1432,206.07,,,,,
723,CoC・フレイムアーチャー,CoC・火焰弓箭手,4,バランス,火,763,1908,329,823,102,214,10,フレイムエンハンス,火の力,70(300),2945,426.73,,,,,
724,CoC・ゴブリン,CoC・哥布林,3,攻撃,木,118,531,125,563,51,107,5,なし,木の力,25(150),1201,201.37,,,,,
725,CoC・フォレストゴブリン,"
CoC・森林哥布林",4,攻撃,木,425,1063,507,1268,96,202,10,アースエンハンス,木の力,70(300),2533,427.23,,,,,
726,CoC・ヒーラー,"
CoC・治癒師",3,回復,光,112,504,68,306,134,281,5,なし,癒しの唄,25(150),1091,205.27,,,,,
727,CoC・グロリアスヒーラー,"
CoC・光輝治癒師",4,回復,光,403,1008,275,688,253,531,10,防御態勢・光,癒しの唄,70(300),2227,415.4,,,,,
728,CoC・ドラゴン,CoC・龍,4,ドラゴン,火,352,1584,131,590,11,23,15,クリムゾンボム,ファイアスケイル,50(150),2197,284.07,,,,,
729,CoC・クリムゾンドラゴン,CoC・赤紅龍,5,ドラゴン,火,1267,3168,531,1328,21,44,20,クリムゾンボム,ファイアスケイル,99(300),4540,597.07,,,,,
730,CoC・P.E.K.K.A,"CoC・P.E.K.K.A
",5,悪魔,闇,342,1539,153,689,0,0,40,ナイトメアソード,ダークアーマー,50(400),2228,291.7,,,,,
731,CoC・ナイトメアP.E.K.K.A,"CoC・夢魘P.E.K.K.A
",6,悪魔,闇,1231,3078,620,1550,0,0,50,ナイトメアソード,ダークアーマー,99(400),4628,617.8,,,,,
732,赤チョコボ＆チョコボ士,赤陸行鳥＆陸行鳥戰士,4,特別保護/攻撃,火火,99,2248,47,1292,83,223,20,チョコメテオ,チョコバリア,99(250),3762,557.53,,,,,
733,青チョコボ＆チョコボ士,青陸行鳥＆陸行鳥戰士,4,特別保護/バランス,水水,99,2348,47,1042,83,423,20,チョコガード,チョコバリア,99(250),3813,584.2,,,,,
734,緑チョコボ＆チョコボ士,綠陸行鳥＆陸行鳥戰士,4,特別保護/体力,木木,99,2648,47,1010,83,280,20,チョコケアル,チョコバリア,99(250),3938,560.13,,,,,
735,モーグリ＆カーバンクル＆チョコボ,莫古裡＆寶石兔＆陸行鳥,6,回復/特別保護,光光,750,2201,518,910,459,515,20,いやしのエール,クリスタルの光,70(150),3626,573.77,,,,,
736,モルボルキング＆トンベリキング,魔界花王＆冬貝利王,5,体力,木水,2420,3388,601,851,282,367,10,くさい息,みんなのうらみ,99(250),4606,631.33,,,,,
737,緋石龍・ヒヒイロカネ,緋石龍・軒洛加力,6,ドラゴン,火光,471,,316,,66,,50,リーダーチェンジ,陽光の防壁,99(250),0,0,,,,,
738,蒼石龍・ミスリル,蒼石龍・米斯利路,6,ドラゴン,水木,474,,313,,68,,50,リーダーチェンジ,樹氷の防壁,99(250),0,0,,,,,
739,翠石龍・アダマント,翠石龍・阿敵曼特,6,ドラゴン,木闇,473,,314,,67,,50,リーダーチェンジ,呪花の防壁,99(250),0,0,,,,,
740,虹石龍・オリハルコン,虹石龍・奧裡哈魯根,6,ドラゴン,光水,472,,312,,69,,50,リーダーチェンジ,聖海の防壁,99(250),0,0,,,,,
741,紫石龍・ダマスカス,紫石龍・大馬士革,6,ドラゴン,闇火,470,,315,,65,,50,リーダーチェンジ,邪炎の防壁,99(250),0,0,,,,,
742,ドラりん,龍波利,2,ドラゴン,木,55,226,41,101,0,0,3,どらごんえんはんす,なし,30(100),327,42.8,,,,,
743,ドラりんナイト,龍波利騎士,3,ドラゴン,木,181,526,91,321,0,0,7,ドラゴンエンハンス,なし,50(100),847,116.8,,,,,
744,エンシェントドラりんナイト,遠古龍波利騎士,4,ドラゴン,木,421,1137,289,954,0,0,15,ドラゴンエンハンス,なし,70(300),2091,304.5,,,,,
745,朱雀の化身・レイラン,朱雀的化身・麗蘭,5,神,火,674,1618,510,1020,106,223,20,南方七星陣,緋天の舞,50(400),2861,440.13,,,,,
746,天導の朱雀・レイラン,天導之朱雀・麗蘭,6,神,火,1294,3235,918,1377,201,302,25,南方七星陣,緋天の舞,99(400),4914,699.57,,,,,
747,青龍の化身・カリン,青龍的化身・卡蓮,5,神,水,676,1622,519,1038,100,210,20,東方七星陣,昇龍の舞,50(400),2870,439.8,,,,,
748,命護の青龍・カリン,命護之青龍・卡蓮,6,神,水,1298,3245,934,1401,189,284,25,東方七星陣,昇龍の舞,99(400),4930,699.37,,,,,
749,玄武の化身・メイメイ,玄武的化身・美美,5,神,木,703,1687,505,1010,94,197,20,北方七星陣,霊亀の舞,50(400),2894,436.37,,,,,
750,地鎮の玄武・メイメイ,地鎮之玄武・美美,6,神,木,1350,3375,909,1364,177,266,25,北方七星陣,霊亀の舞,99(400),5005,698.97,,,,,
751,麒麟の化身・サクヤ,麒麟的化身・沙古雅,5,神,光,662,1589,507,1014,135,284,20,四神乱舞,四源の舞,50(400),2887,456.37,,,,,
752,極光の麒麟・サクヤ,極光之麒麟・沙古雅,6,神,光,1271,3178,913,1370,256,384,25,四神乱舞,四源の舞,99(400),4932,719.8,,,,,
753,白虎の化身・ハク,白虎的化身・珀,5,神,闇,665,1596,515,1030,109,229,20,西方七星陣,虎咆の舞,50(400),2845,441.93,,,,,
754,霊護の白虎・ハク,靈護之白虎・珀,6,神,闇,1277,3193,927,1391,206,309,25,西方七星陣,虎咆の舞,99(400),4893,700.5,,,,,
755,紅蓮龍神・ヒノカグツチ,紅蓮龍神・火之迦具土,7,神/ドラゴン,火光,1230,3120,743,1410,195,451,35,バーストボム,神の業火,99(400),4981,744.33,,,,,
756,焔獄蛇神・ヒノカグツチ,焰獄蛇神・火之迦具土,7,神/攻撃,火闇,1230,2620,743,2014,195,236,35,バーストボム,神の業火,99(400),4870,743.47,,,,,
757,灼爪龍・フレアドラール,灼爪龍・熾炎火焰龍,6,ドラゴン,火,580,,336,,162,,30,防御態勢・火,炎樹の防壁,99(300),,,,,,,
758,穿鮫龍・メガロドラン,穿鮫龍・巨型多朗鯊,6,ドラゴン,水,593,,345,,155,,30,防御態勢・水,氷炎の防壁,99(300),,,,,,,
759,角砦龍・フォートトイトプス,角砦龍・堡壘三角龍,6,ドラゴン,木,649,,324,,149,,30,防御態勢・木,樹氷の防壁,99(300),,,,,,,
760,聖獣龍・エンジェリオン,聖獣龍・天使妖精龍,6,ドラゴン,光,588,,313,,180,,30,防御態勢・光,聖樹の防壁,99(300),,,,,,,
761,道化龍・ドラウンジョーカー,道化龍・鬼牌小丑龍,6,ドラゴン/悪魔,闇,565,,333,,171,,30,防御態勢・闇,魔氷の防壁,99(300),,,,,,,
762,OCTOPUS,OCTOPUS,3,体力,火,1575,,144,,210.97,,5,なし,レッドエフェクト,25(150),74,1793,,,,,
763,OCTOPUS Ver.2,OCTOPUS Ver.2,4,体力,火,3150,,325,,427,,10,ダブル攻撃態勢・火,レッドエフェクト,70(300),141,3616,,,,,
764,CRAB,CRAB,3,バランス,水,927,,383,,206.03,,5,なし,ブルーエフェクト,25(150),109,1421,,,,,
765,CRAB Ver.2,CRAB Ver.2,4,バランス,水,1855,,865,,427.17,,10,ウォーターエンハンス,ブルーエフェクト,70(300),206,2926,,,,,
766,SQUID,SQUID,3,攻撃,木,531,,621,,198.97,,5,なし,グリーンエフェクト,25(150),65,1217,,,,,
767,SQUID Ver.2,SQUID Ver.2,4,攻撃,木,1063,,1398,,427.23,,10,ダブル攻撃態勢・木,グリーンエフェクト,70(300),124,2585,,,,,
768,GC CRAB,GC CRAB,5,バランス,光,1152,,536,,296.73,,40,グルーヴコースター,テンションMAX,50(400),193,1881,,,,,
769,GC CRAB Ver.2,GC CRAB Ver.2,6,バランス,光,2305,,1205,,593.17,,50,グルーヴコースター,テンションMAX,99(400),365,3875,,,,,
770,UFO,UFO,4,体力,闇,1648,,338,,301.63,,15,シークレットボーナス,名古屋撃ち,50(150),208,2193,,,,,
771,UFO Ver.2,UFO Ver.2,5,体力,闇,3295,,760,,612.5,,20,シークレットボーナス,名古屋撃ち,99(300),393,4448,,,,,
772,緋天蒼龍・エルドラド,緋天蒼龍・埃爾多拉多,7,ドラゴン/攻撃,火水,1612,,1916,,625.73,,60,フレイムブレス,爆炎の力,99(400),244,3772,,,,,
773,蒼天夜龍・ニライカナイ,蒼天夜龍・龍宮,7,ドラゴン/攻撃,水闇,1581,,1957,,624.83,,60,スプラッシュブレス,激流の力,99(400),226,3764,,,,,
774,樹天緋龍・ホウライ,樹天緋龍・蓬萊,7,ドラゴン/攻撃,木火,1637,,1904,,627.83,,60,ロックブレス,大地の力,99(400),250,3791,,,,,
775,聖天樹龍・シャングリラ,聖天樹龍・香格里拉,7,ドラゴン/攻撃,光木,1576,,1855,,604.6,,60,プラズマブレス,閃光の力,99(400),228,3659,,,,,
776,夜天聖龍・エリュシオン,夜天聖龍・艾利西翁,7,ドラゴン/攻撃,闇光,1591,,1871,,607.3,,60,カースブレス,暗黒の力,99(400),222,3684,,,,,
777,大天狗,大天狗,5,体力,木,1220,,628,,247.6,,20,大天狗の舞,ド根性,50(400),0,1848,,,,,
778,霊峰の破戒神・大天狗,靈峰的破戒神・大天狗,6,体力,木,3026,,1017,,506,,25,大天狗の舞,ド根性,99(400),0,4043,,,,,
779,こだま,木靈,2,回復,木,443,,229,,175.77,,5,流水変化の術・木,なし,30(150),257,929,,,,,
780,黄龍の化身・ファガン,黃龍的化身・費根,6,神/ドラゴン,光,1853,,1312,,486.37,,50,四神乱舞,天極星龍掌,50(500),116,3281,,,,,
781,星帝の黄龍・ファガン,星帝的黃龍・費根,7,神/ドラゴン,光,3705,,1772,,776.9,,100,四神乱舞,天極星龍掌,99(500),156,5633,,,,,
782,神秘の巨石龍・バールベック,神秘的巨石龍・巴勒貝克,6,ドラゴン,火,2813,,1320,,612.3,,35,古代の英知,炎岩の神秘,99(400),201,4334,,,,,
783,神秘の天体龍・アンティキティラ,神秘的天體龍・安提基特拉,6,ドラゴン,水,2799,,956,,540.43,,35,古代の英知,水機の神秘,99(400),208,3963,,,,,
784,神秘の絵画龍・ナスカ,神秘的繪畫龍・納斯卡,6,ドラゴン,木,2795,,1327,,613.23,,35,古代の英知,大地の神秘,99(400),205,4327,,,,,
785,神秘の結晶龍・クリスタルスカル,神秘的結晶龍・水晶髑髏,6,ドラゴン,光,2709,,1309,,636.37,,35,古代の英知,光骨の神秘,99(400),311,4329,,,,,
786,神秘の円盤龍・ネブラディスク,神秘的星盤龍・內布拉,6,ドラゴン,闇,2700,,1330,,536,,35,古代の英知,闇盤の神秘,99(400),0,4030,,,,,
787,ミノタウロス,彌諾陶洛斯,2,攻撃,火,725,,432,,158.9,,6,なし,なし,25(150),0,1157,,,,,
788,迷宮の獣人・ミノタウロス,迷宮の獣人・彌諾陶洛斯,3,攻撃,火,1350,,973,,329.6,,12,聖炎の奇跡,火の魂,70(150),0,2323,,,,,
789,コカトリス,雞蛇,2,回復,水,428,,275,,166.47,,6,なし,なし,25(150),206,909,,,,,
790,魔眼の怪鳥・コカトリス,魔眼的怪鳥・雞蛇,3,回復,水,855,,620,,339.17,,12,聖氷の奇跡,水の魂,70(150),389,1864,,,,,
791,ケンタウロス,半人馬,2,バランス,木,531,,396,,162.3,,6,なし,なし,25(150),90,1017,,,,,
792,疾駆の人馬・ケンタウロス,疾驅的人馬・半人馬,3,バランス,木,1063,,890,,340.97,,12,聖樹の奇跡,木の魂,70(150),170,2123,,,,,
793,サイクロプス,獨眼巨人,2,体力,光,792,,401,,159.4,,6,なし,なし,25(150),0,1193,,,,,
794,雷光の巨漢・サイクロプス,雷光的巨漢・獨眼巨人,3,体力,光,1635,,803,,324.1,,12,ダブル攻撃態勢・光,光の魂,70(150),0,2438,,,,,
795,ダークレディ,暗女郎,2,悪魔,闇,468,,401,,161.33,,6,なし,なし,25(150),103,972,,,,,
796,魅惑の夜魔・ダークレディ,魅惑的夜魔・暗女郎,3,悪魔,闇,935,,903,,339.1,,12,ダブル攻撃態勢・闇,闇の魂,70(150),195,2033,,,,,
797,たまドラ,蛋龍,5,覚醒用,光,100,,100,,63.33,,1,なし,能力覚醒！,1,100,300,,,,,
798,サンバルビードラゴン,森巴紅寶石龍,6,強化用,火,831,,831,,526.3,,38,なし,なし,1,831,2493,,,,,
799,アメノウズメ,天鈿女命,5,神,火,1322,,694,,394.67,,20,癒しの鼓舞,天尊の舞踏,50(400),371,2387,,,,,
800,技芸の女神・アメノウズメ,藝術女神・天鈿女命,6,神/バランス,火,2645,,1225,,676.5,,25,癒しの鼓舞,天尊の舞踏,99(400),501,4371,,,,,
801,ウミサチヤマサチ,海幸山幸,5,神,水木,1277,,772,,395.43,,20,山海の秘儀,山海の至宝,50(400),340,2389,,,,,
802,漁猟の神・ウミサチヤマサチ,漁獵神・海幸山幸,6,神,水木,2555,,1251,,689.37,,25,山海の秘儀,山海の至宝,99(400),551,4357,,,,,
803,クシナダヒメ,奇稻田姫,5,神,木,1303,,699,,395.77,,20,聡明なる神護,撫子の想い,50(400),377,2379,,,,,
804,稲田の女神・クシナダヒメ,稻田女神・奇稻田姫,6,神,木,2805,,1232,,730.23,,25,聡明なる神護,撫子の想い,99(400),610,4647,,,,,
805,イザナギ,伊邪那岐,5,神,光,1673,,843,,392.57,,20,創造の息吹,現世の神効,50(400),170,2686,,,,,
806,皇祖の神・イザナギ,皇祖神・伊邪那岐,6,神,光,3345,,1366,,699.37,,25,創造の息吹,現世の神効,99(400),275,4986,,,,,
807,オオクニヌシ,大國主,5,神,闇,2522,,629,,378.67,,20,国建の妙技,結縁の神気,50(400),2,3153,,,,,
808,国造の神・オオクニヌシ,國造神・大國主,6,神/体力,闇,5045,,1119,,729.63,,25,国建の妙技,結縁の神気,99(400),4,6168,,,,,
809,タケミナカタ,建御名方神,5,神/体力,光,2014,,692,,423.13,,40,創焔の神風,武刀神の藤蔓,50(500),250,2956,,,,,
810,冶金の軍神・タケミナカタ,冶金的軍神・建御名方神,6,神/体力,光火,3928,,1021,,728.67,,60,創焔の神風,武刀神の藤蔓,99(500),395,5344,,,,,
811,皇妃神・イザナミ,皇妃神・伊邪那美,6,神/バランス,光水,1567,,768,,438.97,,40,慈愛の擁護,創世の神効,50(500),386,2722,,,,,
812,万物の妃神・イザナミ,萬物的妃神・伊邪那美,7,神/バランス,光水,3287,,1239,,759.5,,60,慈愛の擁護,創世の神効,99(500),549,5075,,,,,
813,黄泉神・イザナミ,黃泉神・伊邪那美,6,神/体力,闇火,2162,,852,,395.6,,40,黄泉の羽衣,黄泉の掟,50(500),27,3041,,,,,
814,黄泉の主神・イザナミ,黃泉的主神・伊邪那美,7,神/体力,闇火,4511,,1501,,770.3,,60,黄泉の羽衣,黄泉の掟,99(500),57,6069,,,,,
815,ドモヴォイ,杜莫伊,3,バランス,光,909,,482,,240.63,,5,なし,なし,25(150),160,1551,,,,,
816,ドン・ドモヴォイ,杜莫伊首領,4,バランス,光,1818,,1085,,499.47,,10,クイックボム,ドンのサバイバル術,70(300),302,3205,,,,,
817,グレンデル,格蘭德爾,3,体力,火,2129,,459,,271.37,,10,なし,なし,25(150),-100,2488,,,,,
818,グレンデルサンタン,曬紅的格蘭德爾,4,体力,火,3858,,1033,,559.07,,15,鉄壁の構え,巨人の魂,70(300),-100,4791,,,,,
819,フルングニル,赫朗格尼爾,5,体力,水木,2099,,1096,,429.1,,40,冷気の波動,首長の誇り,50(500),0,3195,,,,,
820,絶対零度フルングニル,絕對零度 赫朗格尼爾,6,体力,水木,3823,,1504,,683.1,,50,冷気の波動,首長の誇り,99(500),0,5329,,,,,
821,恋するアン・パント・ケットバス,戀愛的安・潘特・凱特巴斯,6,バランス,光光,2351,,1123,,599.7,,30,スイーツシュート改,我がまま姫の愛情,99(300),420,3894,,,,,
822,バーンフェニックスナイト・ホムラ,燃燒的鳳凰騎士・焰,6,バランス,火火,2334,,1273,,617.67,,24,ドロップ変化・火,不死鳥の霊炎,99(300),389,3996,,,,,
823,フラッドフェンリルナイト・カムイ,洪水的芬里爾騎士・神威,6,バランス,水水,2137,,1353,,592.97,,24,ドロップ変化・水,神狼の輝牙,99(300),326,3816,,,,,
824,エンシェントドラゴンナイト・セロ,遠古龍騎士・塞羅,6,ドラゴン/バランス,木木,2238,,1312,,598.2,,24,ドロップ変化・木,龍騎士の激昂,99(300),336,3886,,,,,
825,スカイゴッドナイト・ヴァーチェ,天空之神騎士・德天使,6,神/バランス,光光,2179,,1297,,603.3,,24,ドロップ変化・光,大いなる天啓,99(300),378,3854,,,,,
826,カオスドラゴンナイト・ヴォイス,混沌龍騎士・響奏,6,ドラゴン/バランス,闇闇,2297,,1336,,601.9,,24,ドロップ変化・闇,龍騎士の覚悟,99(300),315,3948,,,,,
827,修験鬼・ショウキ,修驗鬼・鍾馗,3,体力,光,1085,,414,,193.3,,7,なし,根性,25(200),6,1505,,,,,
828,光の守護鬼・ショウキ,光之守護鬼・鍾馗,4,体力,光,2170,,1033,,427.27,,11,サンダーストライク,根性,70(200),11,3214,,,,,
829,修験鬼・ジャキ,修驗鬼・邪氣,3,体力,闇,1103,,419,,195.43,,7,なし,根性,25(200),4,1526,,,,,
830,闇の守護鬼・ジャキ,闇之守護鬼・邪氣,4,体力,闇,2205,,1043,,431.77,,11,ダークストライク,根性,70(200),8,3256,,,,,
831,トップ・ドロイドラゴン,TOP・Android 龍,6,体力/ドラゴン,木水,3060,,820,,590,,25,ググる,超メタリックボディ,99(300),360,4240,,,,,
832,コズクラ,出世魚,2,体力,水,446,,99,,68.07,,5,なし,なし,15(100),11,556,,,,,
833,フクラギ,小鰤魚,3,体力,水,893,,223,,140.9,,10,なし,富山湾の恵み,25(150),21,1137,,,,,
834,ブリ,鰤魚,4,体力,水,1785,,503,,292.43,,12,きときと,富山湾の幸,70(300),40,2328,,,,,
835,富山湾の王者・ブリ,富山灣的王者・鰤魚,5,体力,水水,3170,,1133,,568.93,,20,きときと,富山湾の至宝,99(400),76,4379,,,,,
836,ホタルイカ,螢火魷,3,攻撃,光,464,,648,,193.67,,8,なし,なし,25(150),53,1165,,,,,
837,富山湾の神秘・ホタルイカ,富山灣的神秘・螢火魷,4,攻撃,光,928,,1458,,418.07,,12,閃光の結界,沖漬けの旨味,70(300),101,2487,,,,,
838,シロエビ,白海老,3,バランス,火,797,,401,,201.23,,8,なし,なし,25(150),124,1322,,,,,
839,富山湾の宝石・シロエビ,富山灣的寶石・白海老,4,バランス,火,1595,,903,,418.43,,12,ドロップ強化・火,やっとかっと,70(300),235,2733,,,,,
840,あみたん,高岡小佛,5,神,木,1301,,428,,290.7,,15,ほほえみの掌,あみたんの御加護,50(400),225,1954,,,,,
841,阿弥貴＆カノン＆セシル,阿彌兄＆花音＆塞絲爾,6,神,木光,2603,,963,,594.9,,25,ほほえみの掌,あみたんの御加護,99(400),426,3992,,,,,
842,DDQ・ドレイク,DDQ・多利古,5,ドラゴン,火,1269,,680,,285.23,,20,ブレイズブレス,翼竜の意志,50(400),67,2016,,,,,
843,DDQ・ドラゴン,DDQ・龍,6,ドラゴン,火,2538,,1730,,641.8,,30,ブレイズブレス,翼竜の使命,99(400),126,4394,,,,,
844,DDQ・リザードマン,DDQ・蜥蜴人,3,攻撃,水,540,,612,,201.07,,6,なし,龍人の秘力,25(150),74,1226,,,,,
845,DDQ・ドラゴニュート,DDQ・龍蠑螈,4,攻撃,水,980,,1278,,400.6,,12,ダブル攻撃態勢・水,龍人の秘力,70(300),141,2399,,,,,
846,DDQ・ベヘモット,DDQ・比蒙,3,体力,木,1620,,459,,153.8,,6,なし,巨獣の秘力,25(150),-300,1779,,,,,
847,DDQ・キングベヘモット,DDQ・比蒙王,4,体力,木,3240,,933,,410.6,,12,大地の結界,巨獣の秘力,70(300),-300,3873,,,,,
848,DDQ・スケルトン,DDQ・骷髏,3,バランス,闇,747,,428,,206.63,,6,なし,不死の秘力,25(150),139,1314,,,,,
849,DDQ・スケルトンロード,DDQ・骷髏爵士,4,バランス,闇,1495,,963,,429.77,,12,魔槍グングニール,不死の秘力,70(300),263,2725,,,,,
850,DDQ・ディフェンダー,DDQ・保衛者,4,体力,光,1490,,536,,264.53,,12,クイックキュアー,邪攻反射,25(150),25,2051,,,,,
851,DDQ・アークガーディアン,DDQ・電弧守衛者,5,体力,光水,2980,,1205,,555,,20,クイックキュアー,邪攻反射,99(300),48,4233,,,,,
852,DDQ・マジックアーチャー,DDQ・魔術射手,3,バランス,火,888,,507,,240.2,,8,なし,ポイズンアタック,25(150),150,1545,,,,,
853,DDQ・ポイズンエンチャンター,DDQ・毒巫師,4,バランス,火闇,1776,,1142,,500,,12,炎の呪い,ポイズンアタック,70(300),282,3200,,,,,
854,ジャギィネコ,粉速貓,4,攻撃,闇,1355,,693,,283.1,,10,気合を入れるニャ！,闇耐性強化＜中＞,50(300),27,2075,,,,,
855,ドスジャギィ＆ジャギィネコ,粉速龍＆粉速貓,5,攻撃/ドラゴン,闇,2710,,1560,,599.67,,20,気合を入れるニャ！,闇耐性強化＜大＞,99(300),50,4320,,,,,
856,フロギィネコ,毒狗貓,4,バランス,火,1170,,581,,287.87,,10,堅実にいくニャ！,火耐性強化＜中＞,50(300),164,1915,,,,,
857,ドスフロギィ＆フロギィネコ,毒狗龍＆毒狗龍貓,5,バランス/ドラゴン,火,2340,,1308,,599.27,,20,堅実にいくニャ！,火耐性強化＜大＞,99(300),311,3959,,,,,
858,バギィネコ,眠速貓,4,体力,水,1571,,473,,290.37,,10,ふんばるニャ！,水耐性強化＜中＞,50(300),116,2160,,,,,
859,ドスバギィ＆バギィネコ,眠速龍＆眠速貓,5,体力/ドラゴン,水,3143,,1065,,583.3,,20,ふんばるニャ！,水耐性強化＜大＞,99(300),168,4376,,,,,
860,ガーグァネコ,丸鳥貓,4,回復,光,1485,,428,,292.1,,10,応援するニャ！,自然治癒＜中＞,50(300),174,2087,,,,,
861,ガーグァ＆ガーグァネコ,丸鳥＆丸鳥貓,5,回復/ドラゴン,光,2370,,963,,539.6,,20,応援するニャ！,自然治癒＜中＞,99(300),330,3663,,,,,
862,ファンゴネコ,野貓,4,バランス,木,1247,,608,,286.3,,10,突進準備ニャ！,木耐性強化＜中＞,50(300),120,1975,,,,,
863,ドスファンゴ＆ファンゴネコ,野豬＆野貓,5,バランス/ドラゴン,木,2495,,1368,,598.77,,20,突進準備ニャ！,木耐性強化＜大＞,99(300),227,4090,,,,,
864,リノプロネコ,草食貓,4,体力,光,2048,,410,,289.47,,10,力をためるニャ！,光耐性強化＜中＞,50(300),8,2466,,,,,
865,リノプロス＆リノプロネコ,草食龍＆草食貓,5,体力/ドラゴン,光,4095,,923,,599.1,,20,力をためるニャ！,光耐性強化＜大＞,99(300),15,5033,,,,,
866,レウスネコ,雄火貓,5,バランス,火,1310,,702,,319.07,,15,一撃離脱ニャ！,火竜の怒り,50(400),143,2155,,,,,
867,リオレウス＆レウスネコ,雄火龍＆雄火貓,6,バランス/ドラゴン,火闇,2620,,1480,,639.67,,25,一撃離脱ニャ！,火竜の怒り,99(400),245,4345,,,,,
868,レイアネコ,雌火貓,5,回復,木,1391,,536,,320.63,,15,スキありニャ！,雌火竜の誇り,50(400),223,2150,,,,,
869,リオレイア＆レイアネコ,雌火龍＆雌火貓,6,回復/ドラゴン,木光,2383,,1055,,589.97,,25,スキありニャ！,雌火竜の誇り,99(400),422,3860,,,,,
870,ティラアイルー,提拉愛露貓,2,バランス,火,608,,581,,198.67,,7,なし,おかえしニャ！＜火＞,25(150),65,1254,,,,,
871,爆炎龍ティラノス＆アイルー,爆炎龍提拉諾斯＆愛露貓,3,バランス/ドラゴン,火,1215,,1108,,384.43,,12,ドロップ強化・火,おかえしニャ！＜火＞,50(200),124,2447,,,,,
872,プレシィアイルー,普萊西愛露貓,2,バランス,水,653,,549,,199.77,,7,なし,おかえしニャ！＜水＞,25(150),74,1276,,,,,
873,氷塊龍プレシオス＆アイルー,冰塊龍普萊修斯＆愛露貓,3,バランス/ドラゴン,水,1305,,1035,,384.5,,12,ドロップ強化・水,おかえしニャ！＜水＞,50(200),141,2481,,,,,
874,ブラッキィアイルー,布拉奇愛露貓,2,バランス,木,626,,545,,200.27,,7,なし,おかえしニャ！＜木＞,25(150),86,1257,,,,,
875,大花龍ブラキオス＆アイルー,大花龍布拉秋斯＆愛露貓,3,バランス/ドラゴン,木,1253,,1028,,384.9,,12,ドロップ強化・木,おかえしニャ！＜木＞,50(200),162,2443,,,,,
876,キンメタネコ,金屬貓王,4,バランス,闇,1355,,477,,270.23,,15,本気だすニャ！,みんなを守るニャ！＜闇＞,50(150),118,1950,,,,,
877,キングメタドラ＆キンメタネコ,金屬龍王＆金屬貓王,5,バランス/ドラゴン,闇,2710,,1073,,559.93,,20,本気だすニャ！,みんなを守るニャ！＜闇＞,99(400),223,4006,,,,,
878,キンゴルネコ,黃金貓王,4,バランス,光,1382,,455,,273.2,,15,サポートするニャ！,コイン見つけたニャ！,50(150),132,1969,,,,,
879,キングゴルドラ＆キンゴルネコ,黃金龍王＆黃金貓王,5,バランス/ドラゴン,光,2765,,1025,,564.83,,20,サポートするニャ！,コイン見つけたニャ！,99(400),250,4040,,,,,
880,覚醒オーディンネコ,覺醒奧丁貓,5,神/バランス,木光,1485,,576,,331.7,,25,ぐんぐにーるニャ！,オーディンハット,50(400),204,2265,,,,,
881,覚醒オーディン＆オーディンネコ,覺醒奧丁＆奧丁貓,6,神/バランス,木光,3470,,1395,,768,,45,ぐんぐにーるニャ！,オーディンハット,99(400),426,5291,,,,,
882,騎迅轟破灼炎王アポロ,騎迅轟破灼炎王阿波羅,6,バランス,火水,2619,,1327,,631.3,,25,オリンポスの炎,プシュケ・ネクタール,99(400),312,4258,,,,,
883,光龍帝サイガ,光龍帝世加,7,ドラゴン/神,光光,2926,,1247,,614.67,,55,神羅万象,封印魔破,99(400),218,4391,,,,,
884,はぐれ魂獣イヅナ,魂獸伊子娜,4,回復,闇,339,,922,,347.3,,10,吸魔の光,魂獣解放,50(150),387,1648,,,,,
885,白面金剛九尾イヅナ,白面金剛九尾伊子娜,5,回復,闇,596,,1328,,499.2,,20,吸魔の光,魂獣解放,99(300),522,2446,,,,,
886,皇帝マステリオン,皇帝馬斯提利奧,5,悪魔,闇,1539,,626,,284.1,,40,ダーク・ブラスター,皇帝統治領域,50(400),15,2180,,,,,
887,魔王マステリオン,魔王馬斯提利奧,6,悪魔,闇,3078,,1408,,599.07,,50,ダーク・ブラスター,皇魔族統治領域,99(400),29,4515,,,,,
888,響奏の愛猫神・バステト,響奏的愛貓神・芭絲特,7,神/回復,木光,3010,,1107,,750.73,,35,スプレッドキャッツ,キャットオーケストラ,99(400),685,4802,,,,,
889,狂荒の戦軍神・アレス,狂荒的戰軍神・阿瑞斯,7,神/攻撃,火闇,2312,,2094,,650,,35,ダブル攻撃態勢・火,戦軍神の秘法,99(400),0,4406,,,,,
890,夢来の商業神・ヘルメス,夢想的商業神・赫爾墨斯,7,神/体力,水光,3074,,1398,,641.67,,35,ダブル攻撃態勢・水,商業神の秘法,99(400),164,4636,,,,,
891,聖弓の狩猟神・アルテミス,聖弓的狩獵神・阿提密斯,7,神/バランス,木光,2490,,1465,,642.33,,35,ダブル攻撃態勢・木,狩猟神の秘法,99(400),301,4256,,,,,
892,天弓の光明神・アポロン,天弓的光明神・阿波羅,7,神/体力,光火,3158,,1353,,735.07,,35,ダブル攻撃態勢・光,光明神の魂,99(400),446,4957,,,,,
893,断罪の冥府神・ペルセポネ,斷罪的冥府神・珀耳塞福涅,7,神/悪魔,闇火,2939,,1407,,745.3,,35,ダブル攻撃態勢・闇,冥府神の魂,99(400),510,4856,,,,,
894,闇黒魔王・ヴァンパイアデューク,闇黑魔王・吸血鬼公爵,6,バランス/悪魔,闇水,2896,,1268,,697.53,,35,攻撃態勢・闇,極夜の微笑,99(400),463,4627,,,,,
895,魔焉皇帝・ヴァンパイアデューク,魔焉皇帝・吸血鬼公爵,6,体力/悪魔,水闇,3796,,1218,,744.2,,35,攻撃態勢・闇,闇眷属の覇気,99(400),363,5377,,,,,
896,レッドチェイサー,紅色追擊者,3,体力,火,828,,441,,173.67,,6,なし,なし,25(150),8,1277,,,,,
897,フレイムチェイサー,火焰追擊者,4,体力,火,1655,,993,,369.1,,12,南方七星陣,オーバーヒート,70(300),15,2663,,,,,
898,ブルーチェイサー,藍色追擊者,3,体力,水,855,,423,,174.43,,6,なし,なし,25(150),13,1291,,,,,
899,アクアチェイサー,流水追擊者,4,体力,水,1710,,953,,369.93,,12,東方七星陣,ハイドロシェル,70(300),25,2688,,,,,
900,グリーンチェイサー,綠色追擊者,3,体力,木,837,,432,,173.77,,6,なし,なし,25(150),11,1280,,,,,
901,ウィンドチェイサー,疾風追擊者,4,体力,木,1675,,973,,369.1,,12,北方七星陣,エアロストリーム,70(300),21,2669,,,,,
902,イエローチェイサー,黃色追擊者,3,体力,光,536,,441,,175.47,,6,なし,なし,25(150),101,1078,,,,,
903,ライトニングチェイサー,閃電追擊者,4,体力,光,1273,,943,,379.57,,12,クイックキュアー,サンダーウェポン,70(300),191,2407,,,,,
904,パープルチェイサー,紫色追擊者,3,体力,闇,810,,446,,173.87,,6,なし,なし,25(150),11,1267,,,,,
905,ファントムチェイサー,幻象追擊者,4,体力,闇,1620,,1003,,369.6,,12,西方七星陣,シャドウミスト,70(300),21,2644,,,,,
906,フレイムバロン,火焰爵士,4,バランス,火,1927,,1038,,468.9,,11,ガードブレイク,人馬一体・撃,99(300),207,3168,,,,,
907,アクアバロン,流水爵士,4,バランス,水,1955,,1000,,469.17,,11,ガードブレイク,人馬一体・命,99(300),221,3176,,,,,
908,アースバロン,大地爵士,4,バランス,木,1949,,1035,,469.9,,11,ガードブレイク,人馬一体・命,99(300),204,3188,,,,,
909,ホワイトバロン,白爵士,4,バランス,光,1930,,1013,,469.27,,11,ガードブレイク,人馬一体・快,99(300),221,3164,,,,,
910,ブラックバロン,黑爵士,4,バランス,闇,1970,,1043,,469.27,,11,ガードブレイク,人馬一体・撃,99(300),191,3204,,,,,
911,赤龍喚士・ソニア,赤龍喚士・索妮亞,5,ドラゴン/悪魔,火闇,2290,,770,,407.33,,30,継界召龍陣・火闇,魔龍族の誇り,50(500),73,3133,,,,,
912,現世の赤龍喚士・ソニア,現世的赤龍喚士・索妮亞,6,ドラゴン/悪魔,火闇,3097,,1875,,739.7,,50,継界召龍陣・火闇,魔龍族の誇り,99(500),165,5137,,,,,
913,緑龍喚士・ソニア,綠龍喚士・索妮亞,6,ドラゴン/バランス,木闇,2467,,667,,425.1,,40,継界召龍陣・木闇,古龍族の系譜,50(500),135,3269,,,,,
914,悠久の緑龍喚士・ソニア,悠久的綠龍喚士・索妮亞,7,ドラゴン/バランス,木闇,3238,,1720,,759.47,,60,継界召龍陣・木闇,古龍族の系譜,99(500),275,5233,,,,,
915,エンジェリット,天使精靈,7,進化用,光,777,,500,,277.7,,1,神癒の奇跡,なし,1,300,1577,,,,,
916,デビリット,惡魔精靈,7,進化用,闇,666,,666,,283.13,,1,神魔の息吹,なし,1,250,1582,,,,,
917,超覚醒ゼウス,超覺醒宙斯,8,神,光光,3687,,1472,,783.1,,60,ラース・オブ・ゴッド,ソウル・オブ・ゼウス,99(400),360,5519,,,,,
918,暗黒覚醒ゼウス,暗黑覺醒宙斯,8,神,闇光,4087,,1722,,719.77,,60,ラース・オブ・ゴッド,ブラック・ディメンション,99(400),-100,5709,,,,,
919,炎戒の大精霊・シャイターン,炎戒的大精靈・撒旦,6,バランス/悪魔,火火,2028,,1320,,588.8,,26,爆炎の結界,炎の祈り,99(300),366,3714,,,,,
920,慈水の大精霊・ウンディーネ,慈水的大精靈・溫蒂妮,6,バランス,水水,2005,,1193,,578.77,,26,激流の結界,水の祈り,99(300),419,3617,,,,,
921,風来の大精霊・シルフ,風來的大精靈・希爾芙,6,バランス,木木,2087,,1224,,578.17,,26,大地の結界,風の祈り,99(300),374,3685,,,,,
922,宝輝の大精霊・ジーニャ,寶輝的大精靈・吉尼婭,6,バランス,光光,1961,,1207,,580.17,,26,閃光の結界,光の祈り,99(300),428,3596,,,,,
923,死兆の大精霊・タナトス,死兆的大精靈・塔納托斯,6,バランス/悪魔,闇闇,1998,,1303,,575.07,,26,暗黒の結界,闇の祈り,99(300),344,3645,,,,,
924,BAB・ジョーカー,BAB・Joker,4,悪魔,闇,1296,,828,,295.2,,10,なし,イカれた黒幕,50(300),0,2124,,,,,
925,BAB・ジョーカー＋Aブロッサム,BAB・Joker＋A槍,5,悪魔,闇,2593,,1863,,631.9,,20,キリングジョーク,イカれた黒幕,99(400),0,4456,,,,,
926,BAB・キャットウーマン,BAB・貓女,4,回復,火,518,,621,,290,,10,ナインライブス,マスターシーフ,50(300),342,1481,,,,,
927,BAB・キャットウーマン＋Cクロー,AB・貓女＋C爪,5,回復,火,1035,,1398,,598.77,,20,ナインライブス,マスターシーフ,99(300),647,3080,,,,,
928,BAB・ロビン,BAB・羅賓,4,バランス,木,1323,,518,,289.9,,10,バードラン,ボーイワンダー,50(300),162,2003,,,,,
929,BAB・ロビン＋Eスティック,BAB・羅賓＋E棒,5,バランス,木,2645,,1156,,599.83,,20,バードラン,ボーイワンダー,99(300),307,4117,,,,,
930,BAB・バットマン＋Sグローブ,BAB・蝙蝠俠＋S手套,5,体力,闇光,1751,,599,,300.57,,15,エレクトリックインパクト,ゴッサムプロテクター,50(400),17,2367,,,,,
931,BAB・バットマン＋SグローブAct,BAB・蝙蝠俠＋S手套Act,6,体力,闇光,3703,,1348,,650.57,,25,エレクトリックインパクト,ゴッサムプロテクター,99(400),32,5083,,,,,
932,BAB・バットマン＋バットラング,BAB・蝙蝠俠＋蝙蝠鏢,4,攻撃,闇闇,995,,756,,283.03,,10,インティミデーション,ダークナイト,50(300),97,1848,,,,,
933,BAB・バットマン＋遠隔クロー,BAB・蝙蝠俠＋遠程爪,5,攻撃,闇闇,1990,,1700,,600,,20,インティミデーション,ダークナイト,99(300),183,3873,,,,,
934,BAB・バットマン＋バットウィング,BAB・蝙蝠俠＋蝙蝠翼,5,バランス,闇水,1499,,576,,320.43,,15,バットウィング,スーパーソニック,50(400),166,2241,,,,,
935,BAB・バットマン＋BWアタック,BAB・蝙蝠俠＋BW攻擊,6,バランス,闇水,2998,,1295,,663.13,,25,バットウィング,スーパーソニック,99(400),313,4606,,,,,
936,サーティワン・ルビリット,31・紅寶精靈,3,攻撃,火,608,,536,,203.67,,5,なし,ベリーベリーストロベリー,25(150),107,1251,,,,,
937,サーティワン・ダブルビリット,31・雙倍紅寶精靈,4,攻撃,火木,1215,,1205,,429.83,,10,ダブルドロップ変化・火木,ベリーベリーストロベリー,70(300),202,2622,,,,,
938,サーティワン・サファリット,31・藍寶精靈,3,体力,水,1148,,365,,206.13,,5,なし,ポッピングシャワー,25(150),55,1568,,,,,
939,サーティワン・ダブサファリット,31・雙倍藍寶精靈,4,体力,水火,2295,,823,,429.1,,10,ダブルドロップ変化・水火,ポッピングシャワー,70(300),105,3223,,,,,
940,サーティワン・エメリット,31・綠寶精靈,3,バランス,木,747,,468,,204.63,,5,なし,抹茶,25(150),109,1324,,,,,
941,サーティワン・ダブエメリット,雙倍綠寶精靈,4,バランス,木水,1495,,1053,,428.77,,10,ダブルドロップ変化・木水,抹茶,70(300),206,2754,,,,,
942,サーティワン・トパリット,黃玉精靈,3,回復,光,612,,383,,208.47,,5,なし,パイナップルナッツ,25(150),212,1207,,,,,
943,サーティワン・ダブトパリット,雙倍黃玉精靈,4,回復,光闇,1225,,863,,428.77,,10,ダブルドロップ変化・光闇,パイナップルナッツ,70(300),401,2489,,,,,
944,サーティワン・アメリット,紫晶精靈,3,悪魔,闇,833,,500,,213.97,,5,なし,チョップドチョコレート,25(150),92,1425,,,,,
945,サーティワン・ダブアメリット,雙倍紫晶精靈,4,悪魔,闇光,1665,,1125,,449.5,,10,ダブルドロップ変化・闇光,チョップドチョコレート,70(300),174,2964,,,,,
946,サーティワン・バステト,芭絲特,4,神,木,1265,,620,,343.17,,15,スプレッドキャッツ,チャレンジ・ザ・トリプル,50(400),278,2163,,,,,
947,サーティワン・愛猫神・バステト,愛貓神・芭絲特,5,神,木,2100,,882,,500.73,,20,スプレッドキャッツ,チャレンジ・ザ・トリプル,99(400),343,3325,,,,,
948,AB・レッド,AB・Red,3,攻撃,火,252,,671,,189.4,,5,なし,激おこ,25(150),90,1013,,,,,
949,AB・レッドバード・レッド,AB・Red Bird・Red,4,攻撃,火,505,,1510,,409.17,,10,癒しの鼓舞,激おこ,70(300),170,2185,,,,,
950,AB・ザ・ブルース,AB・The・Blues,3,バランス,水,594,,455,,196.07,,5,なし,三つ子の魂,25(150),137,1186,,,,,
951,AB・ブルーバード・ブルース,AB・Blue Bird・Blues,4,バランス,水,1188,,1025,,409.8,,10,ヒュドラの毒,三つ子の魂,70(300),258,2471,,,,,
952,AB・ハル,AB・Hull,3,バランス,木,612,,414,,191.67,,5,なし,漂流する旅人,25(150),143,1169,,,,,
953,AB・グリーンバード・ハル,AB・Green Bird・Hull,4,バランス,木,1225,,933,,399.43,,10,ダブル防御態勢・木,漂流する旅人,70(300),272,2429,,,,,
954,AB・チャック,AB・Chuck,3,体力,光,927,,432,,194.43,,5,なし,スピードスター,25(150),46,1405,,,,,
955,AB・イエローバード・チャック,AB・Yellow Bird・Chuck,4,体力,光,1855,,973,,407.1,,10,攻撃態勢・光,スピードスター,70(300),86,2909,,,,,
956,AB・マチルダ,AB・Matilda,4,回復,光,1278,,284,,272.27,,20,卵！,母なる自然,50(150),263,1825,,,,,
957,AB・ホワイトバード・マチルダ,AB・White Bird・Matilda,5,回復,光,2555,,640,,549.5,,30,卵！,母なる自然,99(400),498,3693,,,,,
958,AB・ボム,AB・Bomb,3,攻撃,闇,441,,693,,182.7,,5,なし,迷惑な爆発,25(150),0,1134,,,,,
959,AB・ブラックバード・ボム,AB・Black Bird・Bomb,4,攻撃,闇,883,,1560,,400.3,,10,ダブル防御態勢・闇,迷惑な爆発,70(300),0,2443,,,,,
960,AB・ウィングマン,AB・Wing Man,4,体力,火水,1656,,459,,263.73,,15,突撃！！,謎のヒーロー,50(300),19,2134,,,,,
961,AB・突撃・ウィングマン,AB・突擊・Wing Man,5,体力,火水,3313,,1033,,549.9,,25,突撃！！,謎のヒーロー,99(300),36,4382,,,,,
962,メラゴン,炎龍,3,ドラゴン,火,536,,257,,114.67,,3,なし,火のソウル,25(150),29,822,,,,,
963,メラバーン,獄炎龍,4,ドラゴン,火,1073,,578,,241.23,,6,マグマボール,火のソウル,50(150),55,1706,,,,,
964,獄炎龍・インフェルノ,獄炎龍・煉獄,5,ドラゴン,火,2359,,1430,,560.23,,10,マグマボール,しゃくねつのソウル,99(300),115,3904,,,,,
965,ザブゴン,海龍,3,ドラゴン,水,603,,216,,117.5,,3,なし,水のソウル,25(150),42,861,,,,,
966,ザブシャーク,海鯊魚龍,4,ドラゴン,水,1205,,485,,244.17,,6,ブリザードボール,水のオーラ,50(150),80,1770,,,,,
967,嵐海龍・レヴィア,嵐海龍・利維坦,5,ドラゴン,水,2651,,1201,,560.83,,10,ブリザードボール,うみのアーマー,99(300),166,4019,,,,,
968,モリゴン,森龍,3,ドラゴン,木,684,,194,,117.87,,3,なし,木のソウル,25(150),32,910,,,,,
969,モリガノン,森之加隆,4,ドラゴン,木,1368,,438,,244.73,,6,ガイアボール,木のシールド,50(150),61,1867,,,,,
970,重岩龍・ガルムット,重岩龍・加魯梅特,5,ドラゴン,木,3008,,1083,,559.73,,10,ガイアボール,もりのアーマー,99(300),127,4218,,,,,
971,裏樹天龍・ホウライ,裏樹天龍・蓬萊,6,ドラゴン/神,木,2137,,2004,,697.83,,50,ハードミストラルブレス,だいちのソウル,99(400),250,4391,,,,,
972,麗乙女・プリンセスヴァルキリー,麗乙女・瓦爾基里公主,6,回復,水,2308,,1189,,653.93,,30,攻撃態勢・水,ヴァルキリーソウル,99(400),556,4053,,,,,
973,蒼翔麗姫・グレイスヴァルキリー,蒼翔麗姫・優雅瓦爾基里,7,回復,水光,2308,,1189,,687.27,,35,攻撃態勢・水,ヴァルキリーブレイヴァー,99(400),656,4153,,,,,
974,紅の海賊龍・バーソロミュー,紅之海賊龍・巴沙洛繆,6,ドラゴン,火水,3128,,1541,,683.67,,40,紅海龍の砲撃,紅海王の旗印,99(400),188,4857,,,,,
975,蒼の海賊龍・アルビダ,蒼之海賊龍・亞爾麗塔,6,ドラゴン,水水,3080,,1445,,683.67,,40,蒼海龍の砲撃,蒼海王の旗印,99(400),260,4785,,,,,
976,碧の海賊龍・キャプテンキッド,碧之海賊龍・基德船長,6,ドラゴン,木水,3138,,1514,,682.6,,40,碧海龍の砲撃,碧海王の旗印,99(400),198,4850,,,,,
977, 金の海賊龍・アン＆メアリー,金の海賊龍・安妮＆瑪莉,6,ドラゴン,光水,3063,,1436,,270,,40,金海龍の砲撃,金海王の旗印,99(400),4769,683.5,,,,,
978,黒の海賊龍・黒髭ティーチ,黑之海賊龍・黑鬍蒂奇,6,ドラゴン,闇水,1421,,749,,73,,40,黒海龍の砲撃,黒海王の旗印,99(400),4817,683.57,,,,,
979,レッドパイレーツ,紅海賊,2,バランス,火,112,,79,,15,,5,暁光変化の術・火,なし,30(150),1168,190.43,,,,,
980,ブルーパイレーツ,藍海賊,2,バランス,水,112,,78,,16,,5,山海の秘儀,なし,30(150),1164,190.07,,,,,
981,グリーンパイレーツ,綠海賊,2,バランス,木,113,,76,,17,,5,聡明なる神護,なし,30(150),1160,189.93,,,,,
982,熾乙女・プリンセスヴァルキリー,熾乙女・瓦爾基里公主,6,回復,闇,1593,,996,,438,,30,攻撃態勢・闇,ヴァルキリーソウル,99(400),4053,653.93,,,,,
983,黒翼熾姫・グレイスヴァルキリー,黒翼熾姫・優雅瓦爾基里,7,回復,闇火,1593,,996,,438,,35,攻撃態勢・闇,ヴァルキリーブレイヴァー,99(400),4153,687.27,,,,,
984,剛腕無双・ギガンテスグレイト,剛腕無雙・巨人癸干忒斯,6,体力,火光,3000,,1101,,0,,35,攻撃態勢・火,ド根性,99(400),7396,852.57,,,,,
985,神王妃・ヘラ,神王妃・赫拉,8,神/悪魔,闇闇,1430,,889,,180,,50,ギガグラビティ,神王妃の吐息,99(400),5144,745.87,,,,,
986,八界蛇神・ヤマタノオロチ,八界蛇神・八歧大蛇,7,神/体力,水水,1320,,793,,150,,30,威圧,超ド根性,99(400),5562,723,,,,,
987,護封嵐神・スサノオノミコト,護封嵐神・須佐之男命,7,神/バランス,木木,1200,,760,,128,,30,鉄壁の構え,鉄壁の神念,99(400),4554,676.87,,,,,
988,光臨舞神・アマテラスオオカミ,光臨舞神・天照大御神,7,神/回復,光光,1170,,709,,255,,30,完治の光,天上の神癒,99(400),4434,741.63,,,,,
989,夜刻武神・ツクヨミ,夜刻武神・月讀,7,神/攻撃,闇光,1080,,725,,173,,30,チェンジ・ザ・ワールド,月光の神撃,99(400),4803,752.73,,,,,
990,夜想詠神・ツクヨミ,夜想詠神・月讀,7,神/バランス,闇闇,1080,,725,,173,,30,チェンジ・ザ・ワールド,詠神の調律,99(400),4953,766.07,,,,,
991,モルボルワースト,極惡魔界花,4,攻撃,闇水,619,,517,,-100,,12,モルボル菌,なし,70(300),3287,424.67,,,,,
992,光翼の絆・ソルジャーズ,光翼之絆・戰士,6,バランス,光光,943,,515,,161,,25,みやぶる,ふたりのエール,99(300),4384,667.4,,,,,
993,極滅召喚・ダークフレアバハムート,極滅召喚・黑耀巴哈姆特,7,ドラゴン/体力,闇火,1307,,685,,31,,60,メガフレア,竜王の激昂,99(400),5846,771.07,,,,,
994,爆熱炎隼神・ホルス,爆熱炎隼神・荷魯斯,7,神,火火,1202,,749,,380,,35,ドロップ強化・火,炎隼紅蓮撃,99(400),4849,735.3,,,,,
995,白光炎隼神・ホルス,白光炎隼神・荷魯斯,7,神,火光,1202,,749,,380,,35,ドロップ強化・火,炎隼瞬光撃,99(400),4719,675.3,,,,,
996,蒼月聖海神・イシス,蒼月聖海神・伊西斯,7,神/回復,水水,1215,,731,,402,,35,クイックヒール,ナイルの導き,99(400),4938,777.53,,,,,
997,煌命聖海神・イシス,煌命聖海神・伊西斯,7,神/体力,水光,1215,,731,,402,,35,クイックヒール,ナイルの煌めき,99(400),5098,727.53,,,,,
998,暗黒太陽神・ラー,暗黑太陽神・拉,7,神,光闇,1182,,720,,397,,35,ソーラーレーザー,太陽の威光,99(400),4931,740.17,,,,,
999,極光太陽神・ラー,極光太陽神・拉,7,神,光光,1182,,720,,397,,35,ソーラーレーザー,太陽の領域,99(400),4631,740.17,,,,,
1002,たまドラベビー,蛋龍寶寶,4,覚醒用,光,50,,50,,50,,1,なし,能力覚醒？,1,150,31.67,,,,,
1003,プレゼントBOX（光）,禮物盒(光),4,強化用,光,300,,200,,10,,5,なし,なし,15(150),1377,211.03,,,,,
1004,プレゼントBOX（闇）,禮物盒(暗),4,強化用,光,300,,200,,10,,5,なし,なし,15(150),1377,211.03,,,,,
1005,ノエルドラゴン・ブラン,聖誕龍・雪白,5,強化用,光,777,,500,,100,,13,ホーリーギフト,聖夜の祈り・光,50(150),2363,379.43,,,,,
1006,ノエルドラゴン・ノワール,聖誕龍・黑暗,5,強化用,闇,777,,500,,100,,13,ダークネスギフト,聖夜の祈り・闇,50(150),2363,379.43,,,,,
1007,ゴールドパイレーツ,金海盜,2,バランス,光,582,,404,,152,,5,風雷変化の術・光,なし,30(150),1138,189.67,,,,,
1008,ブラックパイレーツ,黑海盜,2,バランス,闇,109,,78,,18,,5,国建の妙技,なし,30(150),1149,190.3,,,,,
1009,ゴン＝フリークス,岡＝菲獵斯,5,体力,木,356,,129,,51,,15,ジャジャン拳・グー,最初はグー,50(400),2290,312.07,,,,,
1010,ジャジャン拳・ゴン＝フリークス,猜拳・岡＝菲獵斯,6,体力,木火,1282,,523,,96,,25,ジャジャン拳・グー,最初はグー,99(400),4715,649.43,,,,,
1011,キルア＝ゾルディック,基路亞＝祖迪,5,攻撃,闇,244,,165,,72,,15,落雷,雷掌,50(400),1992,308.73,,,,,
1012,落雷・キルア＝ゾルディック,落雷・基路亞＝祖迪,6,攻撃,闇光,878,,669,,136,,25,落雷,雷掌,99(400),4154,649.43,,,,,
1013,クラピカ,古拿比加,4,バランス,水,266,,131,,94,,10,律する小指の鎖,癒す親指の鎖,50(300),1984,303.37,,,,,
1014,緋の眼・クラピカ,緋之眼・古拿比加,5,バランス,水火,958,,531,,177,,20,律する小指の鎖,癒す親指の鎖,99(300),3995,609.1,,,,,
1015,レオリオ,里昂里奧,4,回復,木,297,,96,,126,,10,友との約束,資金調達,50(300),2034,308.43,,,,,
1016,受験生・レオリオ,試驗生・里昂里奧,5,回復,木水,1070,,389,,239,,20,友との約束,資金調達,99(300),4150,629.43,,,,,
1017,ビスケ,比絲姬,4,体力,光,429,,120,,1,,10,桃色吐息,鍛えるわよォ～,50(300),2473,301.77,,,,,
1018,魔法美容師・ビスケ,魔法美容師・比絲姬,5,体力,光火,1545,,486,,2,,20,桃色吐息,鍛えるわよォ～,99(300),5082,630.63,,,,,
1019,クロロ＝ルシルフル,古羅洛＝斯里夫,4,バランス,闇,286,,131,,80,,10,盗賊の極意,天使の自動筆記,50(300),2045,302.7,,,,,
1020,盗賊の極意・クロロ＝ルシルフル,盗賊的極意・古羅洛＝斯里夫,5,バランス,闇光,1030,,531,,151,,20,盗賊の極意,天使の自動筆記,99(300),4220,628.77,,,,,
1021,ヒソカ,西索,4,悪魔,火,288,,149,,52,,10,薄っぺらな嘘,興奮しちゃうじゃないか♪,50(300),2076,300.13,,,,,
1022,伸縮自在の愛・ヒソカ,伸縮自在的愛・西索,5,悪魔,火闇,1037,,604,,98,,20,薄っぺらな嘘,興奮しちゃうじゃないか♪,99(300),4309,629.97,,,,,
1023,ネテロ,尼廸羅,5,バランス,光,290,,133,,97,,15,壱乃掌,血湧く血湧く♪,50(400),2108,318.3,,,,,
1024,百式観音・ネテロ,百式觀音・尼廸羅,6,バランス/神,光水,1044,,539,,184,,25,壱乃掌,血湧く血湧く♪,99(400),4344,659.27,,,,,
1025,ゲンスルー,甘舒,4,攻撃,火,244,,168,,38,,10,一握りの火薬,解放,50(300),1934,287.67,,,,,
1026,爆弾魔・ゲンスルー,爆彈魔・甘舒,5,攻撃,火木,878,,680,,72,,20,一握りの火薬,解放,99(300),4046,609.83,,,,,
1027,ジェド, Jedo,4,悪魔,闇,250,,151,,75,,10,“怨”,《影》,50(300),1963,301.17,,,,,
1028,百鬼呪怨・ジェド,百鬼呪怨・Jedo,5,悪魔,闇火,900,,612,,142,,20,“怨”,《影》,99(300),4078,630.33,,,,,
1029,王,王,5,神,光闇,369,,175,,10,,15,王の一手,絶対的オーラ,50(400),2470,330.7,,,,,
1030,メルエム,梅路艾姆,6,神,光闇,1329,,709,,19,,25,王の一手,絶対的オーラ,99(500),4936,660.23,,,,,
1031,ピトー,尼飛彼多,4,回復,闇,234,,105,,110,,10,僕、ちょっと強いかも,念人形による修復,50(400),1757,276.9,,,,,
1032,玩具修理者・ピトー,玩具修理者・尼飛彼多,5,回復,闇闇,842,,426,,208,,20,僕、ちょっと強いかも,念人形による修復,99(400),3607,569.17,,,,,
1033,プフ,梟亞普夫,4,バランス,光,224,,111,,55,,10,なし,鱗粉,25(150),1624,239.47,,,,,
1034,陶酔の蝶・プフ,陶醉的蝶・梟亞普夫,5,バランス,光木,806,,450,,104,,15,ドロップ強化・光,鱗粉,99(300),3358,499.17,,,,,
1035,ユピー,孟徒徒尤匹,4,体力,火,357,,101,,0,,10,なし,王直属護衛軍,25(150),2062,251.7,,,,,
1036,形態変化・ユピー,形態變化・孟徒徒尤匹,5,体力,火光,1286,,410,,0,,15,ダブル攻撃態勢・火,王直属護衛軍,99(300),4040,506.5,,,,,
1037,コルト,寇魯多,3,バランス,木,172,,101,,38,,6,なし,女王への忠誠,25(150),1309,195.07,,,,,
1038,師団長・コルト,師團長・寇魯多,4,バランス,木,619,,410,,72,,11,ダブル攻撃態勢・木,女王への忠誠,70(300),2724,410.13,,,,,
1039,ラモット,拉摩多,3,攻撃,水,132,,128,,24,,6,なし,強者への忠誠,25(150),1220,191.27,,,,,
1040,コルト隊兵隊長・ラモット,寇魯多隊兵隊長・拉摩多,4,攻撃,水,475,,518,,45,,11,氷の呪い,強者への忠誠,70(300),2578,409.47,,,,,
1041,レオル,磊歐陸,3,体力,水,208,,100,,15,,6,なし,TUBE,25(150),1418,194.27,,,,,
1042,謝債発行機・レオル,謝債發行機・磊歐陸,4,体力,水,749,,405,,29,,11,ダブル防御態勢・水,TUBE,70(300),2947,410.23,,,,,
1043,ヒナ,希娜,3,回復,光,144,,78,,92,,6,なし,仲間の除念,25(150),1192,199.33,,,,,
1044,除念能力・ヒナ,除念能力・希娜,4,回復,光,518,,316,,174,,11,ダブル防御態勢・光,仲間の除念,70(300),2450,409.17,,,,,
1045,ザザン,殺殘,3,バランス,闇,161,,102,,44,,6,なし,トカゲ化,25(150),1276,194.97,,,,,
1046,審美的転生注射・ザザン,審美的轉生注射・殺殘,4,バランス,闇,580,,413,,83,,11,ダブル攻撃態勢・闇,トカゲ化,70(300),2657,409.6,,,,,
1047,パイク,派庫,3,攻撃,木,101,,135,,34,,6,なし,襲撃態勢,25(150),1134,190.77,,,,,
1048,愛の放射線・パイク,愛的放射線・派庫,4,攻撃,木,364,,547,,64,,11,アースエンハンス,襲撃態勢,70(300),2412,409.27,,,,,
1059,灼炎太陽神アポロ,灼炎太陽神阿波羅,6,体力/神,火光,3169,,1187,,332,,25,オリンポスの炎,SB・エクスプロージョン,99(400),4688,664.97,,,,,
1060,魔神マステリオン,魔神馬斯提利奧,7,悪魔/神,闇光,3378,,1458,,29,,60,ダーク・ブラスター,皇魔族統治領域,99(400),4865,639.07,,,,,
1065,ヤマトタケル,日本武尊,5,神,火,640,,454,,155,,15,草薙の剣,神皇の血族,50(400),2572,396,,,,,
1066,武皇の剣神・ヤマトタケル,武皇的劍神・日本武尊,6,神,火,1229,,695,,238,,25,草薙の剣,神皇の血族,99(400),4752,700.17,,,,,
1067,アンドロメダ,安朵美達,5,神,水,622,,413,,188,,15,蒼聖の鎖,王女の宿星,50(400),2515,396.37,,,,,
1068,星海の女神・アンドロメダ,星海的女神・安朵美達,6,神,水,1194,,632,,288,,25,蒼聖の鎖,王女の宿星,99(400),4641,698.77,,,,,
1069,ペルセウス,珀耳修斯,5,神,木,655,,452,,148,,15,碧星の剛剣,神器の守護,50(400),2592,394.8,,,,,
1070,破邪の勇神・ペルセウス,破邪的勇神・珀耳修斯,6,神,木,1258,,691,,227,,25,碧星の剛剣,神器の守護,99(400),4798,699.63,,,,,
1071,孫悟空,孫悟空,5,神,光,631,,450,,162,,15,如意棒,仙丹の活力,50(400),2554,396.07,,,,,
1072,金毛の猿神・孫悟空,金毛的猿神・孫悟空,6,神,光,1211,,689,,248,,25,如意棒,仙丹の活力,99(400),4714,699.47,,,,,
1073,パンドラ,潘朵拉,5,神,闇,614,,444,,174,,15,秘密の箱,災厄の到来,50(400),2525,397.07,,,,,
1074,冥夜の女神・パンドラ,冥夜的女神・潘朵拉,6,神,闇,1174,,680,,266,,25,秘密の箱,災厄の到来,99(400),4651,699.27,,,,,
1075,いちドラ,草莓龍,4,ドラゴン,火,451,,389,,152,,20,ストロベリーシャワー,紅果の力,50(300),2001,326.4,,,,,
1076,紅天の果実・いちごドラゴン,紅天的果實・草莓龍,5,ドラゴン,火木,866,,595,,232,,35,ストロベリーシャワー,紅果の恵み,99(300),3494,530.03,,,,,
1077,べりドラ,藍苺龍,4,ドラゴン,水,455,,380,,154,,20,ブルーベリーシャワー,蒼果の力,50(300),2000,325.73,,,,,
1078,蒼天の果実・ベリードラゴン,蒼天的果實・藍苺龍,5,ドラゴン,水木,874,,581,,236,,35,ブルーベリーシャワー,蒼果の恵み,99(300),3496,529.37,,,,,
1079,めろドラ,蜜瓜龍,4,ドラゴン,木,462,,371,,157,,20,メロンシャワー,碧果の力,50(300),2007,326.1,,,,,
1080,碧天の果実・メロンドラゴン,碧天的果實・蜜瓜龍,5,ドラゴン,木,887,,568,,240,,35,メロンシャワー,碧果の恵み,99(300),3512,530.2,,,,,
1081,れもドラ,檸檬龍,4,ドラゴン,光,449,,382,,157,,20,レモンシャワー,黄果の力,50(300),1994,326.6,,,,,
1082,黄天の果実・レモンドラゴン,黃天的果實・檸檬龍,5,ドラゴン,光木,862,,584,,240,,35,レモンシャワー,黄果の恵み,99(300),3478,529.7,,,,,
1083,ぶどドラ,葡萄龍,4,ドラゴン,闇,443,,375,,164,,20,グレープシャワー,紫果の力,50(300),1980,326.9,,,,,
1084,紫天の果実・ぶどうドラゴン,紫天的果實・葡萄龍,5,ドラゴン,闇木,850,,574,,251,,35,グレープシャワー,紫果の恵み,99(300),3450,529.77,,,,,
1085,レッドドラゴンフルーツ,紅龍果,6,進化用,火木,500,,400,,300,,1,継界召龍陣・火闇,なし,1,1200,230,,,,,
1086,ブルードラゴンフルーツ,藍龍果,6,進化用,水木,500,,400,,300,,1,継界召龍陣・水闇,なし,1,1200,230,,,,,
1087,グリーンドラゴンフルーツ,綠龍果,6,進化用,木光,500,,400,,300,,1,継界召龍陣・木闇,なし,1,1200,230,,,,,
1088,青龍喚士・ソニア,青龍喚士・索妮亞,6,ドラゴン/体力,水闇,1079,,512,,0,,40,継界召龍陣・水闇,晶龍族の血統,50(500),3460,433,,,,,
1089,永劫の青龍喚士・ソニア,永劫的青龍喚士・索妮亞,7,ドラゴン/体力,水闇,2072,,783,,0,,60,継界召龍陣・水闇,晶龍族の血統,99(500),6589,799.8,,,,,
1092,ジェネレイトアースドラゴン,熱能地龍,6,ドラゴン/バランス,木火,1204,,914,,109,,35,ガイアボール,地龍の守護,99(400),4968,707.33,,,,,
1093,トルネードホーリードラゴン,龍捲神聖龍,6,ドラゴン/回復,光木,1158,,924,,117,,35,ホーリーボール,聖樹の防壁,99(400),4293,657.97,,,,,
1095,水天双極星・リヴァイアサン,水天雙極星・利維坦,6,ドラゴン/体力,水水,861,,416,,105,,33,ブリザードブレス,双水の螺旋,99(400),5145,708.9,,,,,
1096,風天双極星・ファフニール,風天雙極星・法夫納,6,ドラゴン/バランス,木木,777,,451,,95,,33,ガイアブレス,双風の螺旋,99(400),4773,698.73,,,,,
1101,世界樹の精霊・アルラウネ,世界樹的精靈・愛娜溫,6,回復,木木,2324,,1019,,717,,23,キュアー,憩いの唄,99(400),4060,675.2,,,,,
1102,神創樹の聖霊・アルラウネ,神創樹的聖靈・愛娜溫,6,バランス,木光,2524,,1099,,518,,23,キュアー,元気のおまじない,99(400),4141,644.87,,,,,
1103,天上界の使徒・エンジェル,天上界的使徒・安琪兒,6,回復/神,光水,2203,,1020,,760,,23,ヒール,神の奇跡,99(400),3991,679.23,,,,,
1104,聖天地の守神・エンジェル,聖天地的守神・安琪兒,6,回復/神,光光,1530,,1160,,730,,23,ヒール,暁光の御手,99(400),3420,628.33,,,,,
1107,幻神・オーディン,幻神・奧丁,6,神,火,2306,,1513,,58,,30,滅槍グングニール,ルーン・オブ・フェイト,50(400),3607,525.53,,,,,
1108,覚醒幻神・オーディン,覺醒幻神・奧丁,7,神/攻撃,火闇,4059,,2043,,154,,50,滅槍グングニール,ソング・オブ・ヴァルハラ,99(400),6256,865.83,,,,,
1120,バーサーカーＺ,狂戰士Ｚ,4,悪魔,火,1678,,814,,0,,15,ウルトラヒートアップ,バーサークソウル,50(150),2492,330.6,,,,,
1121,炎鎚の蛮勇・プロメテウス,炎鎚之蠻勇・普羅米修斯,5,悪魔,火,3355,,1319,,0,,25,ウルトラヒートアップ,バーサークソウル,99(300),4674,599.3,,,,,
1122,ウル・キマイラ,烏爾・奇美拉,4,回復,水,900,,811,,291,,15,エールヒール,フュージョンソウル,50(150),2002,349.2,,,,,
1123,ギーブル・キマイラ,基普爾・奇美拉,5,回復,水,1800,,1314,,502,,25,エールヒール,フュージョンソウル,99(300),3616,610.13,,,,,
1124,グリムロック,鋼鎖,4,体力,木,2062,,643,,17,,15,ロックシールド,ワイルドソウル,50(150),2722,340.47,,,,,
1125,グリムクリストル,格林克里斯托爾,5,体力,木,4125,,1042,,97,,25,ロックシールド,ワイルドソウル,99(300),5264,653.23,,,,,
1126,ラディウス,Radius,4,神,光,1375,,622,,320,,15,ヒールバリア,フィフスカインド,50(150),2317,368.57,,,,,
1127,アンジェリウス,昂熱里烏斯,5,神/回復,光,2750,,1008,,518,,25,ヒールバリア,シックスカインド,99(400),4276,649.27,,,,,
1128,ドラゴン・サムライ,龍・武士,4,ドラゴン,闇,1709,,952,,34,,15,バーサーク,サムライソウル,50(150),2695,372.63,,,,,
1129,ドラゴン・ショウグン,龍・將軍,5,ドラゴン/攻撃,闇,3418,,1543,,56,,25,バーサーク,ショウグンソウル,99(400),5017,669.07,,,,,
1130,アヴァロンドレイク,德雷克阿瓦隆,5,神,木,2038,,870,,56,,20,オーバードガイア,ヘブンズソウル,50(400),2964,396.47,,,,,
1131,守護龍・アヴァロンドレイク,守護龍・德雷克阿瓦隆,6,神/ドラゴン,木光,4075,,1409,,190,,30,オーバードカイア,ニルヴァーナソウル,99(400),5674,752.63,,,,,
1132,裏緋天龍・エルドラド,裏緋天龍・埃爾多拉多,6,ドラゴン/神,火,2112,,2016,,244,,50,ヘルファイヤブレス,しゃくねつのソウル,99(400),4372,695.73,,,,,
1133,裏蒼天龍・ニライカナイ,裏蒼天龍・龍宮,6,ドラゴン/神,水,2081,,2057,,220,,50,エクスフリーズブレス,わだつみのソウル,99(400),4358,692.83,,,,,